ID_TA,Cuisine Style
d7992032,$$ - $$$
d12503536,$$ - $$$
d10696479,$
d10060659,$$ - $$$
d5776152,$
d11841754,$$ - $$$
d12447161,$$ - $$$
d5981466,$$ - $$$
d12550964,$$ - $$$
d5408595,$
d12391114,$
d7332770,$
d12676684,$
d10073699,$
d11687952,$$ - $$$
d10027275,$
d5599563,$$$$
d7623654,$
d4768085,$
d13197631,$$ - $$$
d7995801,$$ - $$$
d10392913,$$ - $$$
d7967318,$
d12681857,$
d13094972,$$ - $$$
d7994738,$
d3612769,$
d12111665,$
d5058767,$
d12556149,$$ - $$$
d13284434,$$ - $$$
d10336129,$
d10520643,$
d10677156,$
d9562461,$$ - $$$
d2697097,$$ - $$$
d13001826,$
d8293300,$
d3873744,$
d11903856,$
d4844610,$$ - $$$
d12336001,$
d1347837,$$ - $$$
d8261215,$$ - $$$
d8319709,$
d1074698,$$ - $$$
d4961398,$$ - $$$
d1324782,$
d715001,$$ - $$$
d5796187,$
d7621848,$
d10039662,$
d1035596,$$ - $$$
d12512228,$$ - $$$
d4727188,$$ - $$$
d1103441,$$ - $$$
d6672773,$$ - $$$
d4556019,$$ - $$$
d8736586,$$ - $$$
d1965515,$$ - $$$
d10430050,$$ - $$$
d12997561,$$ - $$$
d1417391,$$ - $$$
d1820729,$$ - $$$
d12548187,$$ - $$$
d12113037,$$ - $$$
d12321528,$$ - $$$
d8339764,$
d8073030,$$ - $$$
d1097059,$$ - $$$
d12945640,$$$$
d7092943,$
d13001385,$$$$
d12630204,$$ - $$$
d2407506,$
d3709334,$
d5614471,$$ - $$$
d6697515,$$ - $$$
d4227711,$$ - $$$
d2614607,$
d4953429,$$ - $$$
d10026779,$
d4799949,$
d12921595,$
d10734451,$
d3785147,$
d12320220,$$ - $$$
d8517072,$
d7311463,$
d7690496,$
d12906918,$$ - $$$
d10028124,$
d10784649,$$ - $$$
d10040334,$$ - $$$
d10701333,$
d4770035,$$ - $$$
d10271724,$$ - $$$
d10769792,$$ - $$$
d10477806,$$ - $$$
d5440481,$$ - $$$
d12598682,$
d5818174,$$ - $$$
d4418101,$
d5080700,$
d11029213,$$ - $$$
d1226617,$$ - $$$
d3685490,$$ - $$$
d10478105,$
d7211474,$$ - $$$
d3529487,$$ - $$$
d11951673,$$ - $$$
d1153049,$$$$
d1099621,$$ - $$$
d13139047,$$ - $$$
d7850012,$
d11958324,$$ - $$$
d12571607,$$ - $$$
d10076062,$$ - $$$
d7599401,$
d4492506,$
d11799782,$
d10488130,$
d5971427,$
d10811036,$$ - $$$
d5506292,$$ - $$$
d12164454,$$ - $$$
d7772581,$
d5122657,$
d4768668,$
d1327141,$$ - $$$
d8414125,$$ - $$$
d13279636,$$ - $$$
d5522002,$
d10201077,$$ - $$$
d9742180,$$ - $$$
d12452377,$$ - $$$
d8808859,$$ - $$$
d4091909,$$ - $$$
d10146454,$$ - $$$
d9456607,$$ - $$$
d7132084,$$ - $$$
d11766630,$
d9745343,$
d10301071,$$ - $$$
d7360304,$$ - $$$
d8362902,$
d7205059,$$ - $$$
d12335302,$$ - $$$
d8435433,$$ - $$$
d8788057,$$ - $$$
d1905070,$$ - $$$
d8397457,$
d9750236,$
d11945680,$$ - $$$
d8338380,$
d2146131,$
d12535679,$
d12789180,$$ - $$$
d5850350,$
d12950509,$$ - $$$
d13239000,$
d4470803,$$ - $$$
d11809877,$$ - $$$
d13504772,$$ - $$$
d8462263,$
d1411212,$
d3729312,$
d8482195,$
d3384860,$$ - $$$
d4006807,$
d3982546,$$ - $$$
d8601922,$$ - $$$
d4090317,$$ - $$$
d733242,$$ - $$$
d1039025,$$ - $$$
d9791357,$
d12025919,$$ - $$$
d7681774,$
d10735138,$$ - $$$
d12862570,$$ - $$$
d7304447,$$ - $$$
d7349508,$$ - $$$
d1012032,$$ - $$$
d5510425,$
d8393660,$
d11909498,$
d11444792,$
d11964473,$
d9737054,$$ - $$$
d12216087,$
d12907448,$
d7045483,$
d12967102,$$ - $$$
d7906376,$
d12172437,$
d8336708,$
d4768750,$$ - $$$
d8333948,$$ - $$$
d6922185,$
d11768556,$
d4924764,$
d11916139,$$ - $$$
d11711074,$$ - $$$
d10872699,$
d6704366,$$ - $$$
d8297597,$
d8834072,$$ - $$$
d5787737,$
d12207700,$
d7753684,$$ - $$$
d12420840,$
d4345739,$
d1346077,$$ - $$$
d10274660,$
d13002781,$
d11979495,$$ - $$$
d5954906,$$ - $$$
d7171641,$
d8461747,$
d12937099,$
d9758853,$
d5986456,$$ - $$$
d9810973,$
d12342022,$$ - $$$
d11718885,$
d10624148,$$ - $$$
d4167330,$$ - $$$
d4318784,$
d12681755,$
d13126863,$$ - $$$
d7108818,$$ - $$$
d6704114,$
d11929423,$
d8692514,$
d5931811,$$ - $$$
d10035223,$$ - $$$
d10832992,$$ - $$$
d7032593,$
d7020812,$
d12322168,$$ - $$$
d4768675,$
d5122257,$$ - $$$
d7620381,$$ - $$$
d10188766,$
d10815488,$$ - $$$
d12728815,$$ - $$$
d3863261,$
d4911298,$$ - $$$
d2013398,$$ - $$$
d6961700,$
d11596409,$$ - $$$
d1496003,$$ - $$$
d7619745,$$ - $$$
d959085,$
d8471854,$
d13197050,$$ - $$$
d4768413,$
d1319580,$$ - $$$
d10218265,$$ - $$$
d12212086,$
d7615995,$$ - $$$
d12674241,$$ - $$$
d1344531,$$ - $$$
d8753514,$
d998022,$
d10046841,$$ - $$$
d13129650,$$ - $$$
d12215220,$$ - $$$
d10427577,$
d7089395,$$ - $$$
d1346071,$
d786883,$$ - $$$
d13082910,$
d11910503,$$ - $$$
d12002313,$$ - $$$
d5972458,$$ - $$$
d12632479,$
d13288611,$
d4132762,$
d12228470,$$ - $$$
d11822541,$$ - $$$
d779486,$$ - $$$
d10822558,$
d5820715,$$ - $$$
d10805602,$$ - $$$
d5958887,$
d12956383,$$$$
d10026275,$$ - $$$
d7990553,$
d697489,$$ - $$$
d10662137,$$ - $$$
d5964501,$
d13081831,$
d947430,$$ - $$$
d4782958,$$ - $$$
d8383259,$
d1359319,$$ - $$$
d8479714,$
d6201738,$
d5519135,$
d9750098,$
d10285148,$
d5821519,$
d5058953,$
d4844059,$
d9819286,$
d4040640,$
d4168534,$
d6935701,$
d7916144,$$ - $$$
d4931818,$$$$
d12826485,$$ - $$$
d10449150,$
d11802066,$
d4148855,$
d9877436,$
d1071804,$$ - $$$
d1359963,$$ - $$$
d4414980,$$ - $$$
d12323706,$
d10509453,$
d2035885,$
d10335983,$
d10146360,$$ - $$$
d8672746,$$ - $$$
d10831953,$$ - $$$
d13421037,$$ - $$$
d8733137,$$ - $$$
d5496500,$$ - $$$
d8451223,$
d3933272,$
d10794914,$$ - $$$
d9789365,$$ - $$$
d8531697,$$ - $$$
d7992615,$
d11928149,$$ - $$$
d8462270,$$ - $$$
d1340196,$
d3561734,$
d13322678,$$ - $$$
d7252091,$
d2289774,$
d6726759,$
d12674783,$$ - $$$
d8801895,$$ - $$$
d12238910,$$ - $$$
d5491342,$
d1336899,$
d5851593,$
d4133810,$
d4225914,$
d7181186,$$ - $$$
d6999656,$$ - $$$
d11788852,$
d12192052,$$ - $$$
d5614311,$
d3973615,$
d13144654,$$ - $$$
d10716310,$$ - $$$
d10928392,$$ - $$$
d3607474,$$ - $$$
d13190177,$$ - $$$
d8474890,$
d10069335,$$ - $$$
d12141502,$$ - $$$
d5011008,$$ - $$$
d8068547,$$ - $$$
d8528925,$
d11687199,$
d5825478,$
d10192941,$$ - $$$
d2699141,$$ - $$$
d10392545,$$ - $$$
d7357040,$$ - $$$
d11713844,$
d11983289,$$ - $$$
d6641357,$$ - $$$
d10202484,$$ - $$$
d5976473,$$ - $$$
d7953199,$
d12878264,$$ - $$$
d7755777,$$ - $$$
d7687655,$
d13272276,$$ - $$$
d11547347,$
d5581103,$$ - $$$
d11629649,$$ - $$$
d12181618,$$ - $$$
d8624540,$$ - $$$
d11852969,$
d8022957,$$ - $$$
d5778069,$
d3252702,$$ - $$$
d11688396,$$ - $$$
d12005035,$$ - $$$
d9852007,$
d7720210,$
d11917969,$
d12094923,$$ - $$$
d12716810,$
d12578664,$$ - $$$
d13201288,$$ - $$$
d8339648,$
d12255549,$
d4910737,$
d7003290,$$ - $$$
d7714826,$
d2053313,$
d1332788,$$ - $$$
d3929229,$
d9767510,$$ - $$$
d1798785,$$ - $$$
d9717122,$
d7705000,$$ - $$$
d11703985,$$ - $$$
d7349863,$
d10733472,$
d8782965,$$ - $$$
d7367629,$$ - $$$
d9452660,$
d8339773,$
d11984905,$
d1965826,$
d4150090,$
d1344184,$$ - $$$
d12127413,$$ - $$$
d3902952,$$ - $$$
d12806137,$$ - $$$
d3723806,$$ - $$$
d740223,$$ - $$$
d5122098,$$ - $$$
d4809095,$$ - $$$
d1087793,$$ - $$$
d6276909,$$ - $$$
d7092893,$$ - $$$
d2069188,$$ - $$$
d697294,$$ - $$$
d12874525,$$ - $$$
d12670810,$$ - $$$
d7251714,$
d12430910,$$ - $$$
d13291091,$$ - $$$
d9581221,$$ - $$$
d10501475,$
d1329781,$$ - $$$
d9750862,$$ - $$$
d13108922,$$ - $$$
d10815291,$$ - $$$
d10028345,$$ - $$$
d3498760,$
d6857166,$$ - $$$
d13172157,$$ - $$$
d6200985,$
d8462996,$$ - $$$
d11965418,$$ - $$$
d12657453,$$ - $$$
d6697361,$
d5488978,$
d9736438,$
d10279161,$
d3647031,$
d8093048,$$ - $$$
d12533497,$$ - $$$
d5080712,$
d5264459,$$ - $$$
d8339853,$
d8356681,$
d3433011,$$ - $$$
d12530861,$
d5895400,$$ - $$$
d10396847,$
d743846,$$ - $$$
d8339797,$
d7277852,$
d780905,$$ - $$$
d7886352,$$ - $$$
d1016030,$$ - $$$
d5809843,$$ - $$$
d10733501,$$ - $$$
d6988995,$
d4925682,$
d8786577,$
d10845906,$
d2153168,$
d1039059,$$ - $$$
d964516,$$ - $$$
d778850,$
d12406630,$$ - $$$
d7705085,$$ - $$$
d8297631,$
d8827469,$$ - $$$
d9744760,$
d8485758,$
d12621405,$
d11881289,$$ - $$$
d13005906,$$ - $$$
d4925072,$
d8611027,$
d13230314,$$ - $$$
d11921254,$$ - $$$
d11953102,$
d11547467,$$ - $$$
d7283061,$$ - $$$
d5870730,$$ - $$$
d4150372,$$ - $$$
d4778786,$
d12546929,$
d5779752,$$ - $$$
d5888656,$
d720335,$$ - $$$
d10026670,$$ - $$$
d6979679,$
d12207498,$$ - $$$
d4366659,$$ - $$$
d11779213,$$$$
d8581485,$
d997456,$$ - $$$
d6440870,$$ - $$$
d5933896,$$ - $$$
d5486339,$$ - $$$
d10087488,$$ - $$$
d12910880,$$ - $$$
d10468925,$
d8476392,$
d718419,$$ - $$$
d9751133,$$ - $$$
d12670824,$
d5794782,$
d5868271,$
d1946076,$$ - $$$
d8398466,$$ - $$$
d12447534,$$ - $$$
d5791730,$
d4745123,$
d11689224,$$ - $$$
d12670300,$$ - $$$
d8393556,$$ - $$$
d12690611,$
d12404633,$$ - $$$
d6715442,$$ - $$$
d7124548,$$ - $$$
d10679589,$
d13129071,$
d8320224,$$ - $$$
d4844994,$$ - $$$
d7160729,$$ - $$$
d12438465,$
d5486633,$$ - $$$
d719799,$
d4363770,$
d8432085,$$ - $$$
d12449962,$$ - $$$
d5768681,$
d2149612,$
d7742983,$$ - $$$
d4287848,$$ - $$$
d12741799,$
d12562867,$$ - $$$
d4831827,$
d7123785,$
d9797930,$$ - $$$
d12671975,$$ - $$$
d12741717,$$ - $$$
d10188698,$$ - $$$
d7905760,$$ - $$$
d8861490,$
d12143894,$
d4769028,$$$$
d5267806,$
d12506172,$
d5122044,$
d12065275,$$ - $$$
d10686379,$
d6159015,$
d4289290,$
d8681805,$$ - $$$
d5977490,$$ - $$$
d5489148,$
d11860525,$$ - $$$
d7117216,$$ - $$$
d2090197,$$ - $$$
d9788504,$
d5980933,$
d12431819,$$ - $$$
d6947757,$
d12609630,$$ - $$$
d9882946,$$ - $$$
d10170008,$
d5260486,$
d12687303,$
d8018289,$
d982905,$
d12657757,$$ - $$$
d6953569,$
d997217,$$ - $$$
d12446122,$
d8487293,$
d7710664,$$ - $$$
d9980695,$$ - $$$
d11644314,$
d10177098,$$ - $$$
d12551161,$$ - $$$
d9455589,$
d10785471,$$ - $$$
d8603353,$
d10342481,$
d12323332,$$ - $$$
d5107908,$$ - $$$
d10025251,$$ - $$$
d2143292,$$ - $$$
d10045197,$$ - $$$
d10100669,$$ - $$$
d5981136,$
d5794982,$
d8591991,$$ - $$$
d11706123,$$ - $$$
d7253981,$$ - $$$
d10821966,$
d5609103,$
d6525573,$
d8500419,$$ - $$$
d12990157,$$ - $$$
d5981619,$$ - $$$
d11960638,$$ - $$$
d815558,$$ - $$$
d1343435,$
d10028212,$$ - $$$
d5447976,$
d12231441,$$ - $$$
d12926349,$$ - $$$
d8428994,$
d12827471,$$ - $$$
d12115633,$$ - $$$
d10065467,$
d6367098,$
d5768822,$$ - $$$
d3137205,$$ - $$$
d11658048,$
d11722666,$$ - $$$
d12286063,$$ - $$$
d13115764,$
d12220611,$
d717370,$$ - $$$
d11925969,$
d13088986,$$ - $$$
d9740137,$$ - $$$
d12244219,$$ - $$$
d7228973,$$ - $$$
d12154545,$$ - $$$
d10518171,$
d12780255,$$ - $$$
d1039303,$$ - $$$
d12950426,$$ - $$$
d2153083,$$ - $$$
d7905913,$$ - $$$
d10748664,$$ - $$$
d9714765,$$ - $$$
d8431344,$$ - $$$
d7607432,$
d11876122,$
d12130008,$
d1035463,$$ - $$$
d1342548,$
d1072910,$
d12718154,$
d5812266,$$ - $$$
d1336072,$$ - $$$
d11979448,$$ - $$$
d3733613,$
d11698674,$
d13237776,$$ - $$$
d3482628,$
d10270613,$$ - $$$
d5422695,$
d7992707,$$ - $$$
d7277884,$
d7023747,$
d5804498,$$$$
d6487941,$$ - $$$
d11737367,$
d8560617,$
d1341444,$
d10766236,$$ - $$$
d10509826,$
d1095195,$$ - $$$
d12896617,$$ - $$$
d7312035,$$ - $$$
d8749259,$$ - $$$
d6850220,$$ - $$$
d12286389,$$ - $$$
d12231004,$
d10149327,$$ - $$$
d8340766,$$ - $$$
d11701729,$$ - $$$
d9566645,$
d9711563,$
d7993780,$
d12510320,$
d11871578,$$ - $$$
d8499674,$
d12621244,$
d7339798,$
d9729928,$
d9453335,$
d12972370,$
d12453191,$
d11717683,$$ - $$$
d10522663,$$ - $$$
d10087366,$$ - $$$
d10231052,$
d8737095,$
d7339905,$$ - $$$
d943635,$$ - $$$
d11674463,$$ - $$$
d2154708,$$ - $$$
d12179972,$$ - $$$
d12891749,$
d4769887,$$ - $$$
d12162462,$$ - $$$
d11749959,$
d7189327,$
d7277879,$
d8139611,$$ - $$$
d10341158,$$ - $$$
d8340787,$
d12022065,$
d7332382,$$ - $$$
d5037253,$
d13283785,$
d8605624,$$ - $$$
d785783,$$ - $$$
d4719391,$
d12882536,$$ - $$$
d12252123,$
d4557437,$$ - $$$
d8084449,$$ - $$$
d5040457,$$ - $$$
d1673481,$
d11643528,$$ - $$$
d8339196,$
d1405632,$$ - $$$
d12614946,$
d12219942,$$ - $$$
d10804383,$$ - $$$
d5776027,$$ - $$$
d1441087,$
d11910334,$$ - $$$
d6725843,$
d5797806,$
d1028107,$$ - $$$
d4560366,$
d12535806,$$ - $$$
d12644140,$$ - $$$
d7061319,$$ - $$$
d7852151,$$ - $$$
d8498634,$
d12548436,$$ - $$$
d942186,$$$$
d5580998,$$ - $$$
d8068451,$$ - $$$
d12177599,$
d11967172,$
d12790604,$
d12341587,$
d3330524,$$ - $$$
d1228728,$$$$
d12831589,$$ - $$$
d9873614,$$ - $$$
d11436157,$$ - $$$
d13173618,$$ - $$$
d9567403,$
d7129162,$
d10310146,$$ - $$$
d10518737,$
d5800076,$
d8774312,$$ - $$$
d11800802,$
d8672834,$$ - $$$
d8289310,$
d9857375,$$$$
d11595119,$$ - $$$
d8537653,$$ - $$$
d12969126,$
d8809718,$
d8484049,$$ - $$$
d11863038,$$ - $$$
d10830690,$
d8732721,$
d8099191,$
d3730706,$
d2222890,$$ - $$$
d11836340,$$ - $$$
d5523399,$$ - $$$
d5794609,$$ - $$$
d966362,$$ - $$$
d13189056,$
d4298754,$
d9747412,$
d9995784,$
d12571359,$$ - $$$
d4769501,$
d6853092,$$ - $$$
d5874521,$
d12656261,$$ - $$$
d5986308,$
d6959190,$
d5616973,$
d7277842,$$ - $$$
d7652402,$$ - $$$
d4105376,$
d12902263,$$ - $$$
d4910377,$
d12598728,$$ - $$$
d4829338,$
d12674982,$$ - $$$
d4136884,$$ - $$$
d7815248,$$ - $$$
d4586592,$
d5122169,$
d7263685,$
d11953114,$$ - $$$
d10314483,$$ - $$$
d5958948,$$ - $$$
d12963001,$
d11586956,$$ - $$$
d1044704,$$ - $$$
d10558392,$
d12413396,$$ - $$$
d8134063,$
d12879439,$
d12323594,$
d9787634,$
d12952578,$$ - $$$
d13296939,$$ - $$$
d10061579,$$ - $$$
d8462228,$$ - $$$
d5486581,$
d1872975,$
d13296811,$$ - $$$
d5795047,$
d8605418,$$ - $$$
d8634514,$$ - $$$
d6702774,$$ - $$$
d3537195,$$ - $$$
d8011642,$
d12828887,$$ - $$$
d7824431,$
d1337153,$
d9845669,$$ - $$$
d8017782,$
d10345546,$$ - $$$
d2239215,$
d12868988,$$ - $$$
d5851509,$
d8455218,$
d5285617,$
d7369470,$$ - $$$
d10031140,$
d5491218,$$ - $$$
d13307726,$$ - $$$
d7125485,$$ - $$$
d5820326,$
d12355863,$
d10469378,$
d8552415,$
d8543650,$$ - $$$
d1343499,$
d5821106,$
d966610,$$$$
d8776237,$$ - $$$
d6672557,$$ - $$$
d8674785,$$ - $$$
d1503901,$$$$
d4817723,$$ - $$$
d12868561,$$$$
d12115275,$$ - $$$
d13323825,$$ - $$$
d8454337,$
d7755779,$
d10188822,$$ - $$$
d11548938,$
d11903783,$$ - $$$
d9819883,$$ - $$$
d4976318,$
d7687691,$$ - $$$
d12675508,$
d5588422,$
d1024683,$$ - $$$
d5614276,$$ - $$$
d8714197,$$ - $$$
d12165523,$
d1355831,$$ - $$$
d12097713,$$ - $$$
d12225614,$$ - $$$
d7973887,$$ - $$$
d12622032,$
d12231304,$$ - $$$
d2159350,$$ - $$$
d4769127,$$ - $$$
d8861043,$$ - $$$
d6165816,$$ - $$$
d10471300,$
d7138823,$
d12941805,$
d6899331,$$ - $$$
d7751484,$
d2253636,$
d7124540,$$ - $$$
d12143119,$
d12134785,$
d10139004,$
d7364758,$$ - $$$
d11832494,$
d10454325,$
d10624281,$$ - $$$
d2655592,$$ - $$$
d2478443,$
d5506079,$$ - $$$
d1347853,$$ - $$$
d8434923,$$ - $$$
d3720862,$$ - $$$
d8497127,$$ - $$$
d5122899,$
d10622010,$
d4148776,$$ - $$$
d7349319,$
d10446651,$
d8559780,$$ - $$$
d5854830,$$ - $$$
d12012788,$$ - $$$
d8630150,$
d10401072,$
d4040092,$
d7649083,$
d9777353,$$ - $$$
d7365730,$
d3963348,$$ - $$$
d5122742,$
d12691333,$$ - $$$
d4458231,$$ - $$$
d1074525,$$ - $$$
d5799966,$$ - $$$
d12931341,$
d9745237,$$ - $$$
d5518254,$$ - $$$
d6527844,$$ - $$$
d7078161,$$ - $$$
d7223064,$
d12936857,$
d7827387,$$ - $$$
d5122271,$$ - $$$
d13313742,$$ - $$$
d11912843,$
d7080922,$
d10051163,$$ - $$$
d8708841,$
d954326,$$ - $$$
d2440330,$$ - $$$
d8339704,$$ - $$$
d5873560,$$ - $$$
d4066092,$$ - $$$
d8566729,$$ - $$$
d9800415,$$ - $$$
d10621971,$$ - $$$
d10911006,$$ - $$$
d1967911,$$ - $$$
d5795031,$
d8727830,$$ - $$$
d7277871,$
d5794557,$
d2615880,$$ - $$$
d9463172,$$ - $$$
d6695281,$
d9979393,$
d11650771,$$ - $$$
d11929254,$
d11856924,$$ - $$$
d11955534,$
d6496920,$$ - $$$
d4261090,$$ - $$$
d4587200,$
d7699457,$
d12086831,$$ - $$$
d8041061,$$ - $$$
d1344567,$
d4701000,$$ - $$$
d12711650,$$ - $$$
d9885902,$$ - $$$
d11716611,$$ - $$$
d2236359,$$ - $$$
d5267218,$$ - $$$
d10525028,$$ - $$$
d1495570,$$ - $$$
d7916833,$$ - $$$
d8533463,$$ - $$$
d6716162,$$ - $$$
d12949764,$$ - $$$
d12459553,$$ - $$$
d3936125,$$ - $$$
d5979280,$$ - $$$
d10236447,$$ - $$$
d5486271,$$ - $$$
d7680187,$
d10200779,$$ - $$$
d12674180,$$ - $$$
d7238261,$$ - $$$
d8418105,$$ - $$$
d11701739,$$ - $$$
d9826575,$
d13323876,$$ - $$$
d9847743,$
d12956484,$$ - $$$
d7699521,$
d9716385,$
d12150807,$$ - $$$
d753254,$$ - $$$
d12070727,$$ - $$$
d7810682,$$ - $$$
d9989853,$
d8773673,$$ - $$$
d12532949,$$ - $$$
d11660761,$$ - $$$
d12320798,$$ - $$$
d5826641,$$ - $$$
d4800547,$$ - $$$
d7807045,$$ - $$$
d7138364,$
d7139057,$$ - $$$
d5614767,$
d2518210,$$ - $$$
d10109757,$$ - $$$
d11723210,$$ - $$$
d12630857,$$ - $$$
d12378321,$
d11785655,$$ - $$$
d1997139,$$ - $$$
d9567331,$$ - $$$
d5822234,$$ - $$$
d1039323,$$ - $$$
d13223329,$
d10671294,$
d10019850,$
d13277890,$
d7343087,$
d12656426,$$ - $$$
d9784919,$$ - $$$
d12214066,$
d10084603,$
d8396040,$
d10730878,$$ - $$$
d11848992,$
d11946275,$$ - $$$
d3359924,$
d12968307,$$ - $$$
d8099667,$
d10467852,$$$$
d850487,$$ - $$$
d5615749,$$ - $$$
d12620594,$
d2363627,$$ - $$$
d12404578,$$ - $$$
d11897578,$$$$
d2088225,$$ - $$$
d5531673,$
d7596961,$
d990688,$$$$
d13074880,$$ - $$$
d12402431,$$ - $$$
d5494154,$$ - $$$
d5970231,$$ - $$$
d13121842,$$ - $$$
d12966266,$$ - $$$
d4555472,$
d1340832,$
d7087699,$
d12726919,$$ - $$$
d8754974,$$ - $$$
d7679064,$$ - $$$
d5872663,$
d12519431,$$ - $$$
d8595203,$$$$
d8505276,$
d10496558,$$ - $$$
d1873523,$$ - $$$
d5279806,$
d11865756,$
d5606685,$
d9867336,$$ - $$$
d988064,$$ - $$$
d5520525,$
d7350180,$
d13167018,$
d6641772,$$ - $$$
d5512431,$$ - $$$
d8077868,$
d5493157,$$ - $$$
d10802652,$
d12813124,$
d6454308,$
d1065755,$$ - $$$
d8339877,$
d8684350,$$ - $$$
d8691297,$
d1457285,$
d4767560,$
d12662488,$$ - $$$
d11793228,$$ - $$$
d9979957,$
d10836710,$
d696012,$$ - $$$
d1039123,$$ - $$$
d7068581,$$ - $$$
d7130390,$
d10036970,$
d10628811,$
d6378842,$
d12971683,$$ - $$$
d11749579,$$ - $$$
d8735392,$
d997614,$
d5854683,$
d7897025,$$ - $$$
d13189099,$$ - $$$
d9808405,$$ - $$$
d4925704,$
d8019533,$$ - $$$
d10796424,$$ - $$$
d13222806,$$ - $$$
d8343795,$
d13322773,$$ - $$$
d10529907,$$ - $$$
d6435054,$$ - $$$
d10110449,$
d7349353,$
d12192483,$$ - $$$
d1381664,$$ - $$$
d13121117,$$ - $$$
d12188872,$
d4757945,$$ - $$$
d12484615,$$ - $$$
d3172369,$
d4598872,$
d12850209,$
d11728948,$
d13167722,$$ - $$$
d9695214,$
d7045067,$$ - $$$
d7969774,$
d5797798,$$ - $$$
d5976726,$
d4289279,$$ - $$$
d6943044,$
d13223408,$$ - $$$
d12207887,$
d7149850,$$ - $$$
d6209172,$
d8026553,$$ - $$$
d9699024,$
d5122265,$
d10475863,$$ - $$$
d12367477,$
d12645981,$$ - $$$
d2424335,$$ - $$$
d7826709,$
d4102859,$$ - $$$
d9750956,$
d11913077,$$ - $$$
d997944,$$ - $$$
d1096385,$$ - $$$
d9777421,$$ - $$$
d8339796,$
d13101881,$$ - $$$
d10323937,$
d5326130,$$ - $$$
d9826259,$$ - $$$
d10777687,$$ - $$$
d12406066,$
d5615651,$
d4768364,$$ - $$$
d8497948,$
d5811557,$
d1905880,$$ - $$$
d10512503,$$ - $$$
d12728587,$$ - $$$
d10755469,$
d13199530,$$ - $$$
d2722819,$$$$
d7346381,$
d8388717,$
d10507796,$$ - $$$
d6924894,$
d787989,$$ - $$$
d12086554,$$ - $$$
d5122167,$
d7999501,$
d8618839,$
d12099522,$$ - $$$
d5977304,$
d10485918,$
d12971310,$
d717386,$$ - $$$
d7047277,$$ - $$$
d12326513,$$ - $$$
d7286063,$$ - $$$
d13172573,$
d12610408,$
d6713389,$
d10040682,$
d13220233,$$ - $$$
d12535699,$$ - $$$
d8341119,$$ - $$$
d9783576,$$ - $$$
d8772130,$$ - $$$
d7360770,$$ - $$$
d1342136,$
d991146,$
d11860142,$$ - $$$
d6692708,$$ - $$$
d12664134,$$ - $$$
d11711653,$$ - $$$
d10926213,$$ - $$$
d10003044,$$ - $$$
d8026396,$$ - $$$
d8524555,$$ - $$$
d11876551,$
d7235512,$
d2069643,$$ - $$$
d6966863,$
d13116981,$$ - $$$
d5512556,$
d8730099,$$ - $$$
d10836956,$
d12936902,$$ - $$$
d10695066,$
d11812830,$
d12208364,$$ - $$$
d8153728,$
d4959566,$
d8618833,$
d10674234,$$ - $$$
d6653264,$
d10062817,$$ - $$$
d3421243,$$ - $$$
d7660006,$$ - $$$
d7990588,$
d12473902,$$ - $$$
d12981267,$$ - $$$
d10050662,$$ - $$$
d8809879,$
d10713497,$
d1503562,$$ - $$$
d946743,$$ - $$$
d2200976,$$ - $$$
d7378502,$$ - $$$
d5292652,$
d11928573,$
d2191892,$$ - $$$
d4793696,$$ - $$$
d8153694,$$ - $$$
d1343502,$
d1355049,$$ - $$$
d8848372,$$ - $$$
d10335314,$$ - $$$
d4283792,$
d9879019,$
d10176456,$$ - $$$
d8708550,$$ - $$$
d7189037,$$ - $$$
d8411402,$
d9997534,$
d9831531,$
d3321229,$
d10720821,$
d5796613,$$ - $$$
d12403563,$$ - $$$
d8537755,$
d12327525,$$ - $$$
d5799101,$
d12321243,$$ - $$$
d2169754,$$ - $$$
d9829717,$
d12511619,$
d3847046,$$ - $$$
d10833730,$$ - $$$
d13140195,$$ - $$$
d6702770,$$ - $$$
d5798095,$$ - $$$
d7983598,$$ - $$$
d4061572,$
d12095408,$$ - $$$
d4767889,$
d8077436,$
d8036519,$
d9846471,$$ - $$$
d10445659,$
d8541480,$$ - $$$
d5609885,$$ - $$$
d7082842,$$ - $$$
d11905823,$
d1015444,$$ - $$$
d12883195,$$ - $$$
d8068453,$
d3793947,$$$$
d5977410,$
d1332913,$
d8826343,$
d4589336,$
d5791665,$
d8462225,$$ - $$$
d12142806,$
d8339717,$
d11704985,$$ - $$$
d12295897,$$ - $$$
d6153514,$$ - $$$
d12154935,$$$$
d7347214,$$ - $$$
d10801733,$$ - $$$
d13276861,$$ - $$$
d8605325,$
d12718013,$$ - $$$
d7124462,$$ - $$$
d8120908,$$$$
d3641959,$$ - $$$
d9995129,$
d5800050,$$ - $$$
d10810340,$
d10041378,$
d9790330,$$ - $$$
d8533511,$$ - $$$
d8624661,$$ - $$$
d13133240,$$ - $$$
d4356021,$
d4093382,$$ - $$$
d6881639,$
d12008895,$
d12181204,$
d6419152,$$ - $$$
d10712194,$$ - $$$
d2516012,$$ - $$$
d11504819,$$ - $$$
d8855240,$
d12918428,$$ - $$$
d8386594,$$ - $$$
d12002680,$
d10267314,$$ - $$$
d5972811,$
d8461905,$$ - $$$
d10028332,$$ - $$$
d9600857,$$ - $$$
d10681430,$
d8311059,$
d5506536,$
d9747762,$
d11957461,$$ - $$$
d12208968,$
d697339,$$ - $$$
d12873745,$$ - $$$
d12328955,$
d13138355,$$ - $$$
d1044376,$$ - $$$
d13319945,$$ - $$$
d2008421,$$ - $$$
d3709240,$$ - $$$
d5809306,$$ - $$$
d12836402,$$ - $$$
d1121845,$$ - $$$
d12959777,$$ - $$$
d2190789,$
d12988418,$
d13008769,$$ - $$$
d10915712,$
d7626782,$$ - $$$
d2706413,$$ - $$$
d11797020,$
d2718797,$
d7940441,$$ - $$$
d12837169,$
d10813119,$
d12981603,$$ - $$$
d6001610,$$ - $$$
d4762211,$$ - $$$
d8339597,$
d10846196,$
d8691385,$
d7358789,$$ - $$$
d10480654,$
d1990925,$$ - $$$
d13430477,$$ - $$$
d8835625,$$ - $$$
d3709166,$$ - $$$
d10332859,$
d10721348,$$ - $$$
d991560,$$ - $$$
d4942773,$$ - $$$
d11911398,$
d9831596,$
d10807927,$
d11978741,$$ - $$$
d5617200,$
d6996181,$$ - $$$
d4725493,$$ - $$$
d12816296,$$ - $$$
d12075208,$$ - $$$
d13134976,$
d6584255,$$ - $$$
d12787589,$$ - $$$
d10057013,$$ - $$$
d4873382,$
d11748911,$$ - $$$
d3213524,$$ - $$$
d5507147,$$ - $$$
d6731819,$$ - $$$
d7720937,$$ - $$$
d5520029,$
d7761527,$$ - $$$
d7208404,$$ - $$$
d8736479,$$ - $$$
d8501307,$$ - $$$
d5800735,$$ - $$$
d12453992,$
d7284863,$
d6948238,$$ - $$$
d7389424,$$ - $$$
d9754769,$$ - $$$
d8712171,$
d6701584,$$ - $$$
d1329783,$$ - $$$
d11832474,$
d8535908,$$ - $$$
d5977252,$
d12173513,$$ - $$$
d6104281,$$ - $$$
d1963466,$$ - $$$
d5859863,$$ - $$$
d3846441,$$ - $$$
d5616662,$
d6438792,$$ - $$$
d6855169,$
d12728595,$
d11180434,$
d4954888,$
d10082721,$
d8799735,$
d986272,$
d10627619,$$ - $$$
d6874209,$$ - $$$
d4770271,$$ - $$$
d11814795,$
d5800022,$
d7991988,$$ - $$$
d4149053,$$ - $$$
d10059627,$$$$
d11951810,$$ - $$$
d5985321,$$ - $$$
d7215593,$
d6531190,$$ - $$$
d5981188,$$ - $$$
d10771359,$$ - $$$
d5615760,$$ - $$$
d7696133,$$ - $$$
d12821505,$$ - $$$
d5122751,$$ - $$$
d12838892,$$ - $$$
d10110357,$
d9976886,$
d12473065,$
d12119328,$$ - $$$
d12503168,$$ - $$$
d5884115,$
d12082299,$$ - $$$
d3384878,$$ - $$$
d9729649,$$ - $$$
d6496924,$$ - $$$
d12950559,$$ - $$$
d10807753,$
d6702869,$$ - $$$
d7145789,$$ - $$$
d6890010,$
d4083761,$$ - $$$
d8720505,$$ - $$$
d8098180,$$ - $$$
d9830952,$
d11668189,$$ - $$$
d4756380,$$ - $$$
d715420,$$ - $$$
d8413493,$
d8272564,$
d778805,$$ - $$$
d6527963,$
d5000022,$
d8712470,$$ - $$$
d5510354,$
d4413615,$$ - $$$
d2069501,$
d12215292,$$ - $$$
d3709131,$
d9738711,$
d12006833,$
d3834665,$$ - $$$
d12249936,$$ - $$$
d8534350,$
d5852338,$
d1341701,$$ - $$$
d11659282,$$ - $$$
d10039385,$
d1955642,$$ - $$$
d7930385,$
d7262297,$$ - $$$
d696107,$$ - $$$
d11931926,$$ - $$$
d991720,$$ - $$$
d10780749,$$ - $$$
d10417602,$$ - $$$
d8483014,$$ - $$$
d10028904,$
d11956851,$$ - $$$
d3580920,$$ - $$$
d12958773,$
d5792887,$
d12827306,$$ - $$$
d12667415,$$ - $$$
d3395952,$
d8807543,$
d1350446,$
d11636218,$$ - $$$
d8361777,$
d12207835,$$ - $$$
d5494227,$$ - $$$
d13325878,$
d7612541,$$ - $$$
d10335269,$
d5482802,$$ - $$$
d4769496,$
d5986196,$
d7606394,$$ - $$$
d1077449,$$ - $$$
d13185766,$$ - $$$
d12362966,$
d10329433,$$ - $$$
d5822640,$$ - $$$
d13188661,$$ - $$$
d7753889,$
d5263988,$
d10497384,$$ - $$$
d11956826,$
d6609366,$
d5608756,$$ - $$$
d4591384,$
d12542285,$$ - $$$
d10522877,$$ - $$$
d12200200,$$ - $$$
d12687123,$$ - $$$
d7799210,$
d12182388,$
d11945812,$
d4769811,$$ - $$$
d8051141,$$ - $$$
d4149510,$$ - $$$
d7680751,$$ - $$$
d10508729,$
d12266029,$$ - $$$
d12195321,$
d6226798,$$ - $$$
d3826363,$
d7361083,$$ - $$$
d7317903,$$ - $$$
d10836855,$
d11670793,$$ - $$$
d11500512,$
d7906796,$$ - $$$
d9746976,$$ - $$$
d2023513,$$ - $$$
d8122579,$$ - $$$
d7134848,$$ - $$$
d8339763,$
d10629877,$$ - $$$
d11932012,$$ - $$$
d12980561,$$$$
d10823093,$$ - $$$
d5122148,$$ - $$$
d6452969,$$ - $$$
d12478826,$$ - $$$
d8341072,$
d12184707,$$ - $$$
d7622114,$
d10134516,$$ - $$$
d6705908,$$ - $$$
d4168243,$$ - $$$
d10758218,$$ - $$$
d8408345,$
d6714816,$
d1098782,$
d13073178,$
d12332633,$
d8529308,$$ - $$$
d4678527,$
d5982169,$
d5614765,$$ - $$$
d8525972,$
d2446474,$$ - $$$
d5982084,$$ - $$$
d5870217,$$ - $$$
d11444976,$$ - $$$
d3820818,$$ - $$$
d2166595,$$ - $$$
d6706233,$$ - $$$
d10813188,$$ - $$$
d5854970,$$ - $$$
d12966411,$$ - $$$
d3536735,$
d9457704,$
d8334824,$
d11719292,$
d12667696,$$ - $$$
d9857981,$
d7124341,$
d6691954,$$ - $$$
d1127132,$$ - $$$
d12500016,$
d5486404,$$ - $$$
d10332966,$$ - $$$
d13239044,$$ - $$$
d12694928,$$ - $$$
d11044959,$$ - $$$
d6456682,$
d1039351,$
d10617553,$$ - $$$
d7629582,$$ - $$$
d13236358,$
d8603981,$$ - $$$
d5509360,$
d6635103,$
d8669950,$
d13090092,$
d7814139,$$ - $$$
d5982113,$$ - $$$
d11914481,$$ - $$$
d10214378,$$ - $$$
d2439566,$
d11932386,$$ - $$$
d9587018,$$ - $$$
d9990090,$$ - $$$
d12702853,$$ - $$$
d10276602,$
d9712381,$$ - $$$
d13220609,$$ - $$$
d9975834,$$ - $$$
d5443361,$
d12908818,$
d1039348,$
d8397475,$
d10468664,$
d8089203,$
d10084553,$$ - $$$
d10145653,$
d8491751,$$ - $$$
d11772793,$
d9846538,$$ - $$$
d1346452,$$ - $$$
d6999227,$$ - $$$
d6994732,$$ - $$$
d5513947,$
d12357368,$
d12904026,$$ - $$$
d10509786,$$ - $$$
d13139768,$$ - $$$
d8338481,$
d7676597,$$$$
d959091,$$ - $$$
d13313707,$$ - $$$
d13126079,$$ - $$$
d12846131,$
d9994264,$$ - $$$
d9802625,$
d4762589,$$ - $$$
d6680272,$
d7917841,$
d7246425,$
d5861784,$
d12559641,$$ - $$$
d5524876,$$ - $$$
d8731904,$$ - $$$
d7940490,$
d10373036,$$ - $$$
d5979455,$$ - $$$
d6514472,$
d4769281,$$ - $$$
d5122825,$
d12857183,$
d10310333,$$ - $$$
d6420170,$$ - $$$
d12186479,$
d12233186,$$ - $$$
d10090935,$$ - $$$
d8591199,$$ - $$$
d10328491,$
d12670673,$$ - $$$
d5512519,$$ - $$$
d2292627,$
d10810357,$
d12981974,$$ - $$$
d1350447,$$ - $$$
d7817857,$$ - $$$
d12146830,$$ - $$$
d10151231,$$ - $$$
d10273776,$
d8610918,$
d8586972,$$ - $$$
d13169262,$$ - $$$
d11921719,$$ - $$$
d11773873,$$ - $$$
d877245,$
d7693548,$
d5776107,$$ - $$$
d7274301,$
d12982741,$$ - $$$
d8534663,$$ - $$$
d10737209,$$ - $$$
d10041438,$$ - $$$
d8262489,$
d6732755,$$ - $$$
d12158078,$$ - $$$
d2490326,$$ - $$$
d7656418,$$ - $$$
d8684377,$
d9872344,$$ - $$$
d12481595,$$$$
d10712260,$
d5865385,$
d11444479,$
d4721855,$
d12933562,$
d12169186,$$ - $$$
d10156461,$$ - $$$
d10432315,$$ - $$$
d9769924,$
d12272347,$
d5799869,$$ - $$$
d1344087,$$ - $$$
d13078963,$
d7736362,$
d6163786,$
d12982111,$$ - $$$
d12911894,$
d12706207,$$ - $$$
d11633782,$
d7378989,$
d8117836,$
d13385549,$
d2238042,$$ - $$$
d7705163,$
d10045612,$$ - $$$
d8341637,$$ - $$$
d12341553,$$ - $$$
d7123882,$
d1418088,$
d8834602,$
d4925360,$
d991500,$$ - $$$
d5531503,$
d5607884,$
d7975549,$$ - $$$
d10833572,$$ - $$$
d12320797,$
d5953062,$$ - $$$
d10476981,$
d1326621,$$ - $$$
d7323044,$$ - $$$
d1037202,$$ - $$$
d9739399,$
d13295128,$$$$
d12430654,$$ - $$$
d7983639,$
d7618751,$
d6457417,$$ - $$$
d8293129,$
d12289536,$$ - $$$
d5122240,$$ - $$$
d12902091,$$ - $$$
d12658595,$
d8462268,$$ - $$$
d10804305,$$ - $$$
d4167812,$$ - $$$
d12695389,$$ - $$$
d3709262,$$ - $$$
d10279811,$$ - $$$
d5954987,$$ - $$$
d11626818,$
d13313748,$$ - $$$
d3138611,$$ - $$$
d11789667,$
d8854162,$
d9791240,$$ - $$$
d8460513,$
d10733279,$$ - $$$
d1319054,$
d10467593,$
d12110810,$$ - $$$
d7790604,$$ - $$$
d12105033,$
d12906509,$$ - $$$
d8274263,$$ - $$$
d12827739,$$ - $$$
d4698842,$$ - $$$
d7277877,$$ - $$$
d10770025,$
d10335975,$
d5972277,$
d2167546,$
d2650297,$$ - $$$
d6154367,$
d10771996,$$ - $$$
d7303687,$
d5776111,$$ - $$$
d4883948,$
d987918,$$ - $$$
d12423080,$$ - $$$
d7026017,$$ - $$$
d12946443,$
d12563132,$
d7047318,$$ - $$$
d12789860,$$ - $$$
d11674463,$$ - $$$
d7319177,$$ - $$$
d9601144,$
d5770272,$
d8771801,$$ - $$$
d12185528,$
d8778165,$$ - $$$
d11837651,$$ - $$$
d7365708,$$ - $$$
d5922033,$$ - $$$
d7361468,$
d8806051,$
d4469008,$$ - $$$
d12731044,$$ - $$$
d12848754,$$ - $$$
d11721669,$
d9712051,$
d1091107,$$ - $$$
d13140471,$$ - $$$
d5884445,$
d3188675,$
d3461265,$$ - $$$
d5609129,$
d13405584,$
d8818940,$
d9976943,$$$$
d6557654,$
d7267884,$$ - $$$
d10266752,$
d7740054,$$ - $$$
d8135374,$
d7297513,$
d9729056,$$ - $$$
d8406998,$
d2090817,$
d7714122,$
d12802847,$$ - $$$
d8423393,$$ - $$$
d11714557,$
d10188827,$
d8338696,$$ - $$$
d11882712,$$ - $$$
d10594859,$
d11180559,$$ - $$$
d8463049,$
d10044337,$
d795139,$$ - $$$
d3384827,$$ - $$$
d8040805,$
d9566724,$$ - $$$
d5793161,$$ - $$$
d12479716,$$ - $$$
d6507881,$$ - $$$
d4221369,$$ - $$$
d858136,$$ - $$$
d10735753,$$ - $$$
d2261629,$$ - $$$
d8374612,$$ - $$$
d9793676,$$ - $$$
d991479,$$ - $$$
d8765537,$$ - $$$
d12959621,$$ - $$$
d12495310,$$ - $$$
d4414602,$$ - $$$
d9789616,$$ - $$$
d9458279,$
d7291587,$$ - $$$
d13292606,$$ - $$$
d6898762,$$ - $$$
d1763898,$$ - $$$
d11933039,$$ - $$$
d7824116,$
d10696507,$
d10425898,$
d12326729,$$ - $$$
d12170352,$$ - $$$
d1977489,$
d5794940,$$ - $$$
d12641821,$
d6775975,$$ - $$$
d8730151,$$ - $$$
d11917918,$
d719061,$$ - $$$
d11852937,$$ - $$$
d3498695,$$ - $$$
d742358,$$ - $$$
d12017850,$
d12702530,$$ - $$$
d11661957,$
d9974974,$$ - $$$
d10674791,$$ - $$$
d7728397,$
d6558103,$
d7209006,$
d5949427,$$ - $$$
d11812750,$
d12218373,$
d10497849,$$ - $$$
d8450326,$$ - $$$
d7186376,$$ - $$$
d8631643,$
d9563493,$$ - $$$
d10782659,$
d4601489,$
d6838994,$
d4149261,$
d5267617,$$ - $$$
d12537216,$$ - $$$
d8334803,$
d5890647,$$ - $$$
d10297985,$$ - $$$
d4760413,$
d8764458,$
d12219557,$
d7390005,$$ - $$$
d3709223,$$ - $$$
d3628293,$$ - $$$
d5121450,$
d12657457,$$ - $$$
d8180244,$
d8465468,$$ - $$$
d11489057,$$ - $$$
d13294426,$
d4344950,$
d11813249,$$ - $$$
d6878548,$
d12406156,$$ - $$$
d1050549,$
d9991537,$
d5800216,$
d697300,$$ - $$$
d12554927,$$ - $$$
d12929620,$$ - $$$
d2410363,$$ - $$$
d6943201,$
d5778496,$
d5816926,$$ - $$$
d8462230,$$ - $$$
d11747446,$$ - $$$
d3511763,$
d13136328,$$ - $$$
d6653221,$$ - $$$
d8530283,$
d8632714,$$ - $$$
d11945842,$$ - $$$
d11801590,$
d5963762,$$ - $$$
d754356,$$$$
d4036304,$$ - $$$
d7360791,$
d12607480,$
d1019785,$$ - $$$
d6415892,$
d1358938,$$ - $$$
d3186660,$$ - $$$
d3422485,$$ - $$$
d8683149,$$ - $$$
d5979332,$
d10070940,$
d11921719,$$ - $$$
d8133955,$
d5609064,$$ - $$$
d4428741,$
d7247945,$$ - $$$
d10338301,$$ - $$$
d8768713,$
d7180087,$
d3600817,$$ - $$$
d10147470,$
d3836290,$$ - $$$
d8497182,$$ - $$$
d6001838,$$ - $$$
d2156563,$$ - $$$
d12130136,$$ - $$$
d12803556,$$ - $$$
d8492523,$$ - $$$
d1341422,$
d6180037,$$ - $$$
d8466674,$$ - $$$
d2044277,$$ - $$$
d4564310,$
d7352449,$$ - $$$
d10747002,$
d8438191,$
d4332611,$
d1324357,$
d9986892,$
d4913193,$
d13004210,$$ - $$$
d5487241,$$ - $$$
d9702232,$$ - $$$
d12191998,$
d3902624,$
d7124435,$
d10821586,$$ - $$$
d7251971,$
d8084514,$$ - $$$
d5798469,$$ - $$$
d8416936,$$$$
d6719444,$$ - $$$
d11702319,$$ - $$$
d10830552,$
d8363959,$$ - $$$
d9856557,$
d5799133,$$ - $$$
d9802625,$
d1048525,$$ - $$$
d3337730,$
d5851655,$$ - $$$
d8626125,$
d1627392,$$ - $$$
d718286,$$$$
d12859204,$
d1039646,$$ - $$$
d11923581,$$ - $$$
d6700477,$$ - $$$
d13197465,$
d9846497,$$ - $$$
d10085331,$
d3404607,$$ - $$$
d12149010,$
d7369405,$
d12063958,$
d5796202,$
d11881046,$$ - $$$
d5956647,$$ - $$$
d4947002,$
d5532299,$$ - $$$
d12138537,$
d5936233,$
d1945825,$
d12151596,$
d5862177,$
d3936485,$$ - $$$
d10305514,$
d6651217,$$ - $$$
d10805608,$$ - $$$
d9767219,$
d11751474,$
d4767527,$
d12571169,$
d12557430,$$ - $$$
d6567334,$
d5074430,$
d4091047,$$ - $$$
d6225143,$
d7792253,$$ - $$$
d8067424,$$ - $$$
d8298099,$$ - $$$
d12644343,$$ - $$$
d10663008,$$ - $$$
d5453838,$$ - $$$
d11881751,$$ - $$$
d10516108,$
d5981537,$
d10287073,$
d7213448,$
d5776346,$$ - $$$
d12012215,$$ - $$$
d8483258,$$ - $$$
d5986466,$
d8433896,$
d12148033,$$ - $$$
d4294365,$
d1356039,$
d9740009,$$$$
d9978806,$$ - $$$
d9875523,$
d13312967,$$ - $$$
d12500076,$$ - $$$
d4291490,$$ - $$$
d8664433,$
d10125029,$$ - $$$
d12674388,$
d8515491,$$ - $$$
d12404593,$
d8601869,$
d8513186,$
d2441964,$$ - $$$
d2189116,$$ - $$$
d4432500,$$ - $$$
d10465773,$
d10479817,$$ - $$$
d12926154,$$ - $$$
d7993583,$$ - $$$
d7249764,$$ - $$$
d13197442,$$ - $$$
d8435386,$
d5864336,$$ - $$$
d5848220,$$$$
d12306424,$
d12320431,$
d4830926,$
d12965860,$$ - $$$
d8461972,$$ - $$$
d2208694,$$ - $$$
d12980375,$$ - $$$
d12301225,$$ - $$$
d12001843,$$ - $$$
d10920442,$
d8467613,$$ - $$$
d9789749,$$ - $$$
d13225861,$$ - $$$
d5819363,$$ - $$$
d5031020,$
d7341815,$
d8656687,$$ - $$$
d7913090,$
d8765793,$$ - $$$
d10516727,$$ - $$$
d5814616,$
d12947949,$$ - $$$
d9467736,$$ - $$$
d12206883,$$ - $$$
d7987006,$$ - $$$
d8339972,$$ - $$$
d1019270,$$$$
d4467988,$
d10692754,$
d8516135,$
d4132817,$
d10121306,$
d4768769,$
d3240362,$$ - $$$
d7917210,$$ - $$$
d1035556,$$ - $$$
d4924828,$
d7291575,$$ - $$$
d5444939,$$ - $$$
d13003218,$$ - $$$
d3442890,$$ - $$$
d8378583,$$ - $$$
d12716255,$
d4086688,$
d10061975,$$ - $$$
d12592916,$$ - $$$
d7983135,$
d7342783,$$ - $$$
d9566709,$$ - $$$
d4556066,$
d3384978,$
d6756420,$
d5262659,$$ - $$$
d6229764,$$ - $$$
d12326748,$$ - $$$
d9756808,$
d12508469,$$ - $$$
d10032995,$
d10771356,$
d12652244,$$ - $$$
d3247818,$$ - $$$
d9815007,$$ - $$$
d11904112,$$ - $$$
d12323278,$$ - $$$
d6484913,$
d11655667,$$$$
d8338649,$
d5862959,$$ - $$$
d9983573,$
d3484894,$
d10711750,$
d987885,$$ - $$$
d11280197,$
d3367094,$$ - $$$
d3599116,$
d9795190,$$ - $$$
d2436147,$$ - $$$
d8609101,$$ - $$$
d1228725,$
d10047799,$$ - $$$
d8482382,$$ - $$$
d719835,$
d8796039,$
d12651842,$$ - $$$
d5890561,$
d5523176,$
d12178483,$
d12458511,$
d10623137,$$ - $$$
d10691568,$$$$
d7282965,$
d8640592,$
d10532906,$$ - $$$
d7613482,$$ - $$$
d997945,$$ - $$$
d4090090,$$ - $$$
d4787835,$
d8570863,$
d3355624,$$ - $$$
d10842366,$$ - $$$
d5220167,$
d11880843,$
d5489179,$$ - $$$
d6419637,$$ - $$$
d10696498,$$ - $$$
d10333883,$
d12351755,$
d9877727,$$ - $$$
d8864234,$$ - $$$
d8259888,$
d1341808,$$ - $$$
d4422146,$$$$
d11756483,$$ - $$$
d5868053,$$ - $$$
d12124508,$
d2146051,$$ - $$$
d12138579,$
d8808837,$$ - $$$
d12630765,$$ - $$$
d8841599,$$ - $$$
d2463842,$
d4610575,$$ - $$$
d12095551,$$ - $$$
d9741588,$$ - $$$
d803083,$$ - $$$
d10724231,$$ - $$$
d4698562,$$ - $$$
d8341296,$
d3840773,$
d8659390,$$ - $$$
d10630492,$
d6835282,$
d9730266,$$ - $$$
d12922097,$$ - $$$
d8377125,$
d8338621,$
d9860737,$$ - $$$
d12897883,$$ - $$$
d3562812,$$ - $$$
d7928982,$$ - $$$
d5122091,$
d11864713,$$ - $$$
d5822495,$
d5788001,$$ - $$$
d10259543,$$ - $$$
d1022048,$$ - $$$
d12728053,$$ - $$$
d12946675,$$ - $$$
d8123156,$$ - $$$
d10041769,$$ - $$$
d10468098,$$ - $$$
d1192749,$
d5433456,$$ - $$$
d7133716,$$ - $$$
d5932484,$$ - $$$
d4149149,$
d2248857,$
d7616061,$
d8050336,$
d8856919,$
d5866249,$$ - $$$
d10047940,$$ - $$$
d5487636,$$ - $$$
d5812422,$
d1038814,$
d12321040,$$ - $$$
d12320792,$
d8493676,$$ - $$$
d5113667,$$ - $$$
d5853064,$
d2543257,$$ - $$$
d7820421,$$ - $$$
d6694993,$$ - $$$
d13161036,$$ - $$$
d2554566,$
d12229201,$$ - $$$
d8311072,$
d1329052,$$ - $$$
d7789050,$$ - $$$
d11945643,$
d12785864,$$ - $$$
d1350503,$$ - $$$
d1828618,$$ - $$$
d10832843,$$ - $$$
d2421687,$$ - $$$
d12951720,$$ - $$$
d5795952,$$ - $$$
d7674785,$
d8794937,$
d10384739,$
d10074329,$$ - $$$
d12711842,$$ - $$$
d12447709,$$ - $$$
d8434866,$
d10290374,$
d13123209,$
d11929437,$$ - $$$
d8088040,$
d2169870,$$ - $$$
d11317172,$$ - $$$
d2014414,$$ - $$$
d8449247,$$ - $$$
d12214166,$$$$
d12948644,$
d10512559,$$ - $$$
d12316070,$$ - $$$
d12032025,$$ - $$$
d7886651,$
d1742168,$
d8445238,$$ - $$$
d8339664,$
d799734,$$ - $$$
d5776310,$$ - $$$
d8335860,$
d13089238,$$ - $$$
d8046160,$
d12075204,$$ - $$$
d12367802,$$ - $$$
d11874268,$
d1340311,$
d5122806,$
d12081771,$$ - $$$
d5864098,$$ - $$$
d12478889,$
d1016501,$$$$
d12032084,$$ - $$$
d7110305,$
d10794229,$$ - $$$
d5614446,$
d987891,$
d7274294,$$ - $$$
d5981088,$$ - $$$
d2006099,$$ - $$$
d11628710,$$ - $$$
d11914501,$$ - $$$
d9857507,$
d5852767,$
d12182013,$
d5795306,$$ - $$$
d12336466,$$ - $$$
d12218817,$$ - $$$
d8659285,$$ - $$$
d12050033,$
d9453323,$$ - $$$
d8641595,$
d8319689,$$ - $$$
d1324538,$
d4503933,$
d5949468,$
d5796731,$$ - $$$
d10594417,$$ - $$$
d8501260,$$ - $$$
d7992580,$$ - $$$
d8555658,$$ - $$$
d12846827,$$ - $$$
d1357526,$$ - $$$
d7856108,$$ - $$$
d12330973,$$ - $$$
d12668076,$$ - $$$
d12506160,$$ - $$$
d10044370,$$ - $$$
d10455783,$$ - $$$
d9761943,$
d12367476,$
d12975535,$$ - $$$
d10778213,$$ - $$$
d12000684,$
d13128883,$$ - $$$
d9825283,$$ - $$$
d7991770,$
d5510807,$$ - $$$
d10020264,$$ - $$$
d11948182,$
d11426679,$
d10506458,$
d7367721,$
d9978084,$$ - $$$
d8463360,$
d11825252,$
d1447317,$
d12884549,$$ - $$$
d7809976,$$ - $$$
d10527087,$$ - $$$
d7991439,$$ - $$$
d8853228,$$ - $$$
d10628258,$
d12842072,$
d12913521,$$ - $$$
d10351610,$$ - $$$
d11873198,$
d12031193,$$ - $$$
d4755859,$$ - $$$
d997451,$
d10450198,$$ - $$$
d11491893,$$ - $$$
d4252322,$$ - $$$
d11873645,$$ - $$$
d4923349,$$ - $$$
d4893713,$$ - $$$
d7119483,$$ - $$$
d5974102,$$ - $$$
d13001163,$$ - $$$
d11871465,$
d10043597,$
d11909160,$$ - $$$
d7290700,$$ - $$$
d7124190,$$ - $$$
d12387279,$$ - $$$
d7994318,$
d7018592,$
d12320629,$$ - $$$
d4995424,$
d2204969,$
d12786386,$$ - $$$
d7290704,$$ - $$$
d968410,$$ - $$$
d5609013,$$ - $$$
d1938628,$$ - $$$
d8621310,$
d1316243,$$ - $$$
d11802047,$$ - $$$
d11896495,$
d7809594,$$ - $$$
d8782319,$$ - $$$
d1111157,$$ - $$$
d1064779,$$ - $$$
d7745594,$
d6704386,$$ - $$$
d5887499,$
d11825461,$$ - $$$
d8592434,$$ - $$$
d11952751,$$$$
d10499542,$
d5815672,$
d4173638,$
d5956749,$$$$
d10125440,$$ - $$$
d6481772,$$ - $$$
d10505192,$$ - $$$
d8681162,$$ - $$$
d6948548,$$ - $$$
d7784893,$$ - $$$
d7992710,$
d4183418,$$ - $$$
d1389582,$
d2167575,$$ - $$$
d9748028,$
d10100759,$
d5776159,$$ - $$$
d10782407,$$ - $$$
d1357399,$
d6536699,$
d12712669,$
d958774,$$ - $$$
d2295791,$
d4769311,$$ - $$$
d12870241,$$ - $$$
d9593739,$$ - $$$
d7276967,$
d9796604,$$ - $$$
d11801708,$
d718332,$$ - $$$
d9722757,$
d3674229,$
d10717951,$$ - $$$
d1016772,$$ - $$$
d12091245,$
d10133372,$$ - $$$
d5779579,$
d11925120,$$ - $$$
d4751464,$
d13197507,$
d5426852,$$ - $$$
d13288399,$$ - $$$
d10848388,$$$$
d10065875,$$ - $$$
d12704274,$$ - $$$
d10735080,$
d5106393,$$ - $$$
d8734570,$$ - $$$
d9829868,$$ - $$$
d3599190,$$ - $$$
d7994800,$
d5778565,$
d10027294,$
d1720803,$$ - $$$
d2037763,$
d1328878,$
d4769899,$$ - $$$
d6680357,$
d7893394,$
d12842050,$$ - $$$
d6780602,$$ - $$$
d12991466,$$ - $$$
d12346836,$
d7772565,$$ - $$$
d6704602,$$ - $$$
d7691102,$
d6527615,$
d5499028,$$ - $$$
d3971767,$$ - $$$
d6708831,$
d9834228,$
d6378688,$
d12599515,$$ - $$$
d5977163,$
d13137487,$$ - $$$
d8485659,$$ - $$$
d10352352,$$ - $$$
d12926697,$$ - $$$
d11686428,$$ - $$$
d8874214,$$ - $$$
d10388620,$$ - $$$
d8338356,$
d7604517,$
d6986414,$$ - $$$
d10085394,$$ - $$$
d4098058,$$ - $$$
d5048708,$$ - $$$
d10198506,$
d8261782,$
d7247867,$
d12821181,$$ - $$$
d10027482,$
d11862617,$
d5770620,$$ - $$$
d8552416,$$$$
d2717036,$
d12883467,$$ - $$$
d2284880,$
d11843728,$$ - $$$
d10029896,$$ - $$$
d990764,$
d2723509,$$ - $$$
d5122694,$$$$
d8022895,$
d12362312,$$ - $$$
d2293268,$$ - $$$
d5608299,$$ - $$$
d11926284,$$$$
d5609034,$$ - $$$
d12301818,$$ - $$$
d12133833,$$ - $$$
d11743155,$$ - $$$
d8448796,$$ - $$$
d12699684,$
d5790721,$
d9756785,$$ - $$$
d8599173,$
d5965310,$$ - $$$
d9452741,$$ - $$$
d10672771,$
d1346254,$$ - $$$
d12632652,$$ - $$$
d1334192,$$ - $$$
d12550988,$$ - $$$
d5518525,$$ - $$$
d4770055,$$ - $$$
d7622694,$$ - $$$
d10244396,$
d10357296,$$ - $$$
d7262216,$
d12982157,$$ - $$$
d3835044,$$$$
d6715510,$$ - $$$
d11857013,$$ - $$$
d1325604,$$ - $$$
d8672298,$$ - $$$
d7256301,$
d8335607,$$ - $$$
d7331983,$
d10394919,$$ - $$$
d12192128,$
d1511933,$$ - $$$
d12947402,$$ - $$$
d10028267,$
d4491905,$
d7015032,$$ - $$$
d8669980,$
d11964486,$
d1358783,$$ - $$$
d7351047,$$$$
d696221,$$ - $$$
d10772012,$$ - $$$
d10814063,$
d12332903,$$$$
d9467712,$$ - $$$
d9804771,$$ - $$$
d6750679,$
d6659445,$
d8669878,$$ - $$$
d12111505,$
d11888803,$$ - $$$
d8397770,$$ - $$$
d7106294,$$$$
d5959533,$$ - $$$
d12275123,$
d7619223,$
d11870957,$$ - $$$
d8828350,$
d13293096,$$ - $$$
d5615894,$
d7904957,$$ - $$$
d7903518,$$ - $$$
d2109463,$$ - $$$
d7997687,$
d4556839,$$ - $$$
d5810016,$$ - $$$
d7277881,$$ - $$$
d10054121,$$ - $$$
d10024118,$
d6681809,$$ - $$$
d8777875,$
d5264402,$$ - $$$
d4093232,$$ - $$$
d2026772,$$ - $$$
d7787420,$
d7251723,$
d12486885,$$ - $$$
d3783187,$
d10032136,$$ - $$$
d8339705,$$ - $$$
d13134185,$$ - $$$
d5449100,$$ - $$$
d12337798,$$ - $$$
d10230898,$
d12480174,$
d1571576,$$ - $$$
d8318360,$
d3923881,$$ - $$$
d8508452,$$ - $$$
d13072119,$
d4553288,$
d5821880,$
d8816470,$$ - $$$
d8446655,$$ - $$$
d12474556,$$ - $$$
d11860923,$$ - $$$
d3199349,$$ - $$$
d1008598,$$ - $$$
d11892766,$
d7787875,$
d2364401,$
d1340315,$
d8339209,$$ - $$$
d12338230,$$ - $$$
d5324648,$
d1737045,$$ - $$$
d10032602,$
d7799858,$
d5646621,$
d3877804,$$ - $$$
d8638490,$$ - $$$
d12999946,$$ - $$$
d13222824,$$ - $$$
d4218152,$
d1039338,$
d9875203,$
d7229726,$
d4062189,$$ - $$$
d1095078,$$ - $$$
d12593807,$$ - $$$
d5495117,$$ - $$$
d7353506,$
d10755211,$$ - $$$
d12094323,$$ - $$$
d12457903,$
d7676147,$$ - $$$
d5010652,$
d10833484,$
d9756086,$
d7070363,$$ - $$$
d12211961,$$ - $$$
d784877,$$ - $$$
d12652297,$$ - $$$
d12165625,$
d5981256,$
d5531792,$$ - $$$
d5863811,$
d11827742,$$ - $$$
d8359860,$
d6276266,$$ - $$$
d733560,$
d987881,$$ - $$$
d12941532,$$ - $$$
d12613221,$
d2104074,$$ - $$$
d11670744,$
d5983992,$$ - $$$
d7014199,$
d11800965,$$ - $$$
d8408392,$$ - $$$
d12997695,$$ - $$$
d1039309,$$ - $$$
d4890630,$$ - $$$
d12631537,$
d6102637,$$ - $$$
d5771361,$
d7239301,$
d7223374,$
d10279277,$
d5786725,$$ - $$$
d8410255,$
d10480140,$$ - $$$
d7387676,$$ - $$$
d8505903,$$ - $$$
d5986304,$
d7277830,$$ - $$$
d5937055,$$ - $$$
d816015,$
d7123810,$$ - $$$
d12624291,$
d10330733,$$ - $$$
d9807742,$$ - $$$
d6715780,$
d9998222,$
d11306145,$$ - $$$
d3982595,$$ - $$$
d5815304,$
d11844809,$$ - $$$
d10736828,$$ - $$$
d9736925,$
d7992923,$$ - $$$
d10337964,$$ - $$$
d4131339,$$ - $$$
d8811869,$
d10746433,$
d9991883,$
d7337294,$
d9980429,$
d5787843,$$ - $$$
d12143315,$
d7186363,$$$$
d6783603,$$ - $$$
d5505616,$
d12709083,$
d5796262,$$ - $$$
d12377381,$$ - $$$
d10850410,$
d5513766,$
d8277687,$$ - $$$
d10498586,$$ - $$$
d13121217,$$ - $$$
d9602550,$$ - $$$
d12180455,$$ - $$$
d12429677,$
d8073714,$
d1959792,$$ - $$$
d10480534,$$ - $$$
d5863831,$
d3932498,$
d5867887,$$ - $$$
d8338650,$
d7137994,$$ - $$$
d3386632,$$ - $$$
d10535199,$
d10780691,$
d13008802,$$ - $$$
d12112688,$
d12234989,$$ - $$$
d1095917,$
d5001296,$
d10810839,$
d11932471,$
d13310377,$$ - $$$
d8460604,$
d1331389,$$ - $$$
d1952667,$$ - $$$
d12479585,$$ - $$$
d9747733,$$ - $$$
d5243358,$
d11652067,$$ - $$$
d13291104,$
d4793858,$
d12293329,$$ - $$$
d8297659,$
d7777949,$
d9715512,$
d12716590,$
d10275907,$$ - $$$
d10250880,$$ - $$$
d9878568,$
d8844903,$
d12076348,$$ - $$$
d5776160,$$ - $$$
d12557792,$
d4784694,$$ - $$$
d783229,$$ - $$$
d3869660,$
d5536229,$
d10258547,$$ - $$$
d10032639,$
d7282194,$$ - $$$
d6716184,$$ - $$$
d8776839,$
d4019768,$$ - $$$
d8606325,$
d5452877,$
d7123732,$
d11926278,$
d10047838,$$ - $$$
d7215494,$$ - $$$
d8338632,$
d7031910,$
d2211236,$$ - $$$
d12300950,$$ - $$$
d7254547,$
d1039082,$$ - $$$
d13291099,$$ - $$$
d13130630,$$ - $$$
d9881916,$
d1360807,$
d9768437,$$ - $$$
d12331991,$$ - $$$
d12946352,$
d10054623,$
d8764873,$$ - $$$
d12498823,$$ - $$$
d5821030,$
d1231999,$$ - $$$
d5811510,$$ - $$$
d10844929,$$ - $$$
d5610899,$
d12094491,$$ - $$$
d8866876,$
d13197215,$$ - $$$
d7123712,$
d990825,$$ - $$$
d6522611,$$ - $$$
d697487,$$ - $$$
d8420455,$$ - $$$
d7695585,$$ - $$$
d8338835,$
d10061930,$$ - $$$
d12674785,$
d11841410,$$ - $$$
d2148736,$
d1039237,$$ - $$$
d9790033,$$ - $$$
d11860963,$$ - $$$
d1742575,$$$$
d9459650,$$ - $$$
d6602052,$$ - $$$
d10040001,$$ - $$$
d991403,$$ - $$$
d10962087,$
d1332253,$
d5615625,$
d8011533,$$ - $$$
d12954408,$$ - $$$
d7924014,$$ - $$$
d10332778,$$ - $$$
d10494515,$$ - $$$
d12337851,$$ - $$$
d4139343,$
d8495259,$
d10538391,$
d8339596,$
d991719,$$ - $$$
d10769178,$$ - $$$
d991697,$$ - $$$
d5580939,$
d10224697,$$ - $$$
d11778706,$$ - $$$
d12801617,$$$$
d12535620,$
d7047658,$
d8339605,$
d4768249,$$ - $$$
d7619481,$$ - $$$
d5826498,$$ - $$$
d1335757,$$$$
d1025065,$$ - $$$
d10171167,$
d953567,$$ - $$$
d13146400,$$ - $$$
d7913539,$
d10524891,$
d12817844,$$ - $$$
d8438032,$$ - $$$
d12065905,$
d4911699,$
d12075650,$
d8785523,$$ - $$$
d7274300,$
d10006539,$
d7123725,$
d9711096,$$ - $$$
d7393559,$$ - $$$
d8338499,$
d8856081,$
d8339120,$$ - $$$
d11912831,$
d10199674,$$ - $$$
d3453762,$$ - $$$
d5614522,$$ - $$$
d3611443,$
d10687177,$$ - $$$
d12331592,$$ - $$$
d12937052,$$ - $$$
d5793762,$
d10486964,$
d4007465,$$ - $$$
d12685359,$
d5496439,$$ - $$$
d6706570,$$ - $$$
d991075,$
d8634053,$$ - $$$
d10080236,$
d11714318,$
d12949969,$$$$
d731224,$$$$
d8373970,$$ - $$$
d10451816,$$ - $$$
d2156600,$
d10755255,$$ - $$$
d7989601,$$ - $$$
d12347693,$
d5795093,$
d12447857,$
d6516122,$$ - $$$
d4339503,$$ - $$$
d1336100,$
d7274413,$
d1951592,$
d11887503,$$$$
d4769793,$$ - $$$
d5489507,$$ - $$$
d1320096,$$ - $$$
d997578,$$ - $$$
d10840307,$$ - $$$
d9607669,$$ - $$$
d11805408,$
d7342343,$
d12910927,$$ - $$$
d12670676,$
d1510836,$
d7149277,$
d8466294,$
d11434649,$$ - $$$
d9681454,$$ - $$$
d7238708,$$ - $$$
d10373740,$
d1336009,$
d6754012,$$ - $$$
d10686277,$$ - $$$
d4895460,$
d11824220,$$ - $$$
d9819225,$$ - $$$
d8692678,$$ - $$$
d4509033,$$ - $$$
d11708193,$
d13076379,$$ - $$$
d8015758,$
d5087951,$
d10506163,$
d8288931,$$ - $$$
d4290521,$
d694366,$$ - $$$
d10812283,$$ - $$$
d1358688,$$ - $$$
d5794761,$$ - $$$
d12072431,$$ - $$$
d2688468,$
d10454050,$
d6168778,$
d13130107,$$ - $$$
d5865070,$
d12708152,$$ - $$$
d5768037,$$ - $$$
d11700875,$
d991097,$$ - $$$
d7994303,$$ - $$$
d5827107,$
d12724847,$$ - $$$
d8630374,$$ - $$$
d794871,$$ - $$$
d5973450,$$ - $$$
d10049131,$$ - $$$
d10671022,$$ - $$$
d12600492,$$$$
d8713320,$
d2627547,$
d13115091,$$ - $$$
d6501828,$
d10840231,$
d12484379,$$ - $$$
d12652158,$$ - $$$
d9769571,$$ - $$$
d7678130,$$ - $$$
d9603082,$$$$
d12608547,$
d5795485,$
d9746030,$$ - $$$
d4232478,$
d12837927,$$ - $$$
d5098831,$
d12987715,$$ - $$$
d1152116,$$ - $$$
d12191467,$$ - $$$
d2167530,$$ - $$$
d7804479,$$ - $$$
d10524287,$$ - $$$
d10145444,$$ - $$$
d11766662,$
d12804670,$$ - $$$
d12037330,$$ - $$$
d10641897,$
d12833141,$$ - $$$
d8512875,$$ - $$$
d8083816,$$ - $$$
d7214423,$$ - $$$
d8780291,$$ - $$$
d13165255,$
d11806550,$
d1343199,$$ - $$$
d8319732,$
d6503394,$
d5012343,$
d9456761,$
d11706214,$$ - $$$
d3590578,$$ - $$$
d8493773,$
d10215597,$
d5959279,$
d5520582,$$ - $$$
d5604213,$$ - $$$
d13187320,$$ - $$$
d5487294,$$ - $$$
d10135246,$$ - $$$
d11707892,$$ - $$$
d10028258,$$ - $$$
d4339021,$$ - $$$
d7343103,$
d7251216,$$ - $$$
d7355759,$
d718144,$$ - $$$
d7993159,$$ - $$$
d6762599,$
d12717925,$$$$
d8339118,$
d12848903,$
d7149208,$
d10221995,$$ - $$$
d3633727,$$ - $$$
d7823992,$
d7283709,$$ - $$$
d12806048,$$ - $$$
d11766927,$
d1336037,$$ - $$$
d9872703,$
d8459482,$$ - $$$
d5796811,$
d9807562,$$ - $$$
d7219184,$
d11876615,$$ - $$$
d8470562,$$ - $$$
d10125054,$$ - $$$
d7655646,$
d997433,$
d10365361,$
d7377725,$$$$
d7809594,$$ - $$$
d8132550,$$ - $$$
d7284049,$$ - $$$
d7143885,$$ - $$$
d11916360,$$ - $$$
d10807840,$$ - $$$
d11911806,$
d2205463,$$ - $$$
d3385100,$$ - $$$
d12399100,$$ - $$$
d12351477,$$ - $$$
d8393832,$
d11807117,$$ - $$$
d2251131,$
d9872755,$
d10781770,$$ - $$$
d1021001,$
d7064336,$
d4924281,$
d1038914,$
d12439544,$
d11180435,$$ - $$$
d13481992,$$ - $$$
d10712384,$$ - $$$
d1373175,$$ - $$$
d4227670,$$ - $$$
d12434028,$$ - $$$
d7060486,$$ - $$$
d7246392,$
d8461742,$$ - $$$
d10769221,$$ - $$$
d12963484,$$ - $$$
d10746904,$
d8333046,$$ - $$$
d5936401,$$ - $$$
d6989810,$
d7803081,$$ - $$$
d8673839,$$ - $$$
d11905975,$$ - $$$
d695034,$
d10813435,$$ - $$$
d8027587,$$ - $$$
d11875695,$$$$
d3163297,$$ - $$$
d12332204,$$ - $$$
d10538483,$
d9726360,$
d1052654,$
d5794902,$
d12896102,$
d9826644,$$ - $$$
d4225479,$
d11953811,$$ - $$$
d5827455,$
d11856590,$$ - $$$
d1071298,$$ - $$$
d8834202,$$ - $$$
d7716039,$$ - $$$
d8518333,$$ - $$$
d7927737,$
d5422750,$
d7649127,$$ - $$$
d8051617,$$ - $$$
d7779580,$$ - $$$
d7071807,$$ - $$$
d11657958,$$ - $$$
d3741466,$$ - $$$
d1039138,$
d5994513,$
d5094071,$
d11903739,$$ - $$$
d7792318,$$ - $$$
d12225324,$$ - $$$
d8281442,$
d997398,$$ - $$$
d4816501,$
d11717508,$
d12180983,$$ - $$$
d10135970,$
d12864879,$$ - $$$
d12671389,$$$$
d8308960,$
d8339795,$$ - $$$
d11278601,$
d10637959,$$ - $$$
d13167937,$$ - $$$
d11914502,$$ - $$$
d7381060,$$ - $$$
d7844725,$
d12097397,$$$$
d1216006,$$ - $$$
d7595638,$
d1322384,$
d3524955,$
d10166285,$
d8784868,$$ - $$$
d7732667,$
d7787527,$
d2520860,$$ - $$$
d8762917,$
d12873313,$
d2335631,$$ - $$$
d8339905,$$ - $$$
d11920799,$
d10371885,$$ - $$$
d7753806,$
d5864683,$
d2509854,$$ - $$$
d933088,$
d10287613,$
d10511863,$
d5487231,$$ - $$$
d4794869,$$ - $$$
d12110811,$$ - $$$
d8141231,$
d11915401,$$ - $$$
d8530688,$
d8079857,$
d2194889,$$ - $$$
d1329042,$
d9812181,$$ - $$$
d7814030,$$ - $$$
d5796046,$$ - $$$
d990877,$$ - $$$
d3809033,$$ - $$$
d1857535,$$ - $$$
d10847428,$
d12337973,$$ - $$$
d4555448,$$ - $$$
d13277623,$$ - $$$
d1035504,$
d4050485,$$ - $$$
d12840570,$$ - $$$
d9729105,$$ - $$$
d7123799,$
d1319636,$$ - $$$
d10596713,$
d8829664,$$ - $$$
d10778707,$
d7216616,$$ - $$$
d12956730,$
d7820396,$
d5049961,$
d10003122,$
d5609332,$$ - $$$
d1037242,$$ - $$$
d10538779,$
d5614389,$$ - $$$
d12207454,$
d8068616,$$ - $$$
d6159077,$$ - $$$
d8408587,$
d11856762,$
d12971634,$$ - $$$
d8046404,$
d12913353,$$ - $$$
d13007376,$$ - $$$
d6166871,$$ - $$$
d7724361,$$ - $$$
d1340469,$$ - $$$
d12452425,$$$$
d10787768,$$ - $$$
d11817386,$$ - $$$
d990780,$$ - $$$
d6857244,$$ - $$$
d2019102,$
d10594399,$$ - $$$
d13130283,$$$$
d5510545,$
d7079539,$
d9560814,$$ - $$$
d12994296,$$ - $$$
d10300149,$
d4506909,$$ - $$$
d4971860,$$ - $$$
d12049127,$
d3599358,$
d11755380,$
d12357686,$$ - $$$
d8494922,$$ - $$$
d8606566,$$ - $$$
d3177893,$$ - $$$
d9711954,$$ - $$$
d13202669,$$ - $$$
d12644494,$$ - $$$
d4794257,$$ - $$$
d12442248,$$ - $$$
d1333162,$$$$
d7159570,$
d9994745,$
d8108659,$$ - $$$
d12652599,$$ - $$$
d5486942,$
d5821384,$
d2702664,$
d1058004,$
d12442199,$
d6716198,$$ - $$$
d5604104,$
d11932473,$
d10483148,$$ - $$$
d5489779,$$ - $$$
d10078687,$$ - $$$
d6612659,$
d11904214,$
d12230631,$
d8811567,$$ - $$$
d13149264,$
d11949985,$
d8279676,$$ - $$$
d997542,$$ - $$$
d8509698,$$ - $$$
d5870136,$
d8720303,$
d11883320,$$ - $$$
d3630935,$$ - $$$
d11620831,$
d3457258,$
d8692822,$$ - $$$
d12137306,$
d7852039,$$ - $$$
d7229122,$$ - $$$
d6948918,$$ - $$$
d12670495,$
d9729069,$
d12212034,$$ - $$$
d10664273,$
d12689123,$$ - $$$
d6665068,$$ - $$$
d8592766,$
d8603845,$$ - $$$
d5267698,$$ - $$$
d6570698,$$ - $$$
d10154192,$
d12430683,$
d8497413,$$ - $$$
d11964503,$
d9728929,$$ - $$$
d12323723,$$ - $$$
d5527747,$
d11843455,$$ - $$$
d6539603,$$ - $$$
d1035187,$$$$
d6637092,$$ - $$$
d7060478,$
d7117391,$
d7375688,$
d9831038,$
d10044447,$
d11963186,$$ - $$$
d12326711,$$ - $$$
d11705802,$
d10625807,$
d7900247,$
d8835650,$$ - $$$
d1090339,$$ - $$$
d7366475,$$ - $$$
d5858240,$
d10791922,$$ - $$$
d10469534,$$ - $$$
d7927207,$$ - $$$
d8515196,$$ - $$$
d13166964,$$ - $$$
d10042565,$$ - $$$
d10039356,$$ - $$$
d10265246,$
d9741416,$$ - $$$
d8388460,$
d8736326,$$ - $$$
d8597894,$
d12926577,$$ - $$$
d1092717,$$ - $$$
d3444631,$$ - $$$
d5530882,$
d8829814,$$ - $$$
d8545878,$
d6475620,$$ - $$$
d10172969,$
d9742651,$$ - $$$
d10304788,$$ - $$$
d5798034,$
d12079447,$$ - $$$
d10628031,$
d13219471,$
d8399475,$
d5865809,$
d4769866,$$ - $$$
d8860990,$
d11653610,$
d7002787,$
d13312597,$$ - $$$
d991091,$$ - $$$
d12326859,$$ - $$$
d12945924,$$$$
d8410203,$
d8297673,$$ - $$$
d3709126,$$ - $$$
d6426619,$$ - $$$
d1043860,$
d9559949,$
d1039097,$$ - $$$
d9821454,$
d12058798,$
d8786974,$$ - $$$
d8468631,$
d5616756,$$ - $$$
d3694554,$$ - $$$
d8684087,$
d13094735,$
d8731632,$$ - $$$
d3955056,$$ - $$$
d5614341,$$ - $$$
d10742545,$
d12597852,$$ - $$$
d5959197,$
d990744,$
d12689112,$$ - $$$
d11840129,$$ - $$$
d11904683,$$ - $$$
d9600387,$
d8414853,$$ - $$$
d7176545,$$ - $$$
d10258857,$
d12508327,$$ - $$$
d12519599,$$ - $$$
d12874619,$$ - $$$
d8684879,$$ - $$$
d12418745,$$ - $$$
d12882677,$
d5614286,$
d983411,$
d11816506,$$ - $$$
d7233896,$
d7906964,$$ - $$$
d5936238,$
d4063276,$
d6456834,$$ - $$$
d5776199,$$ - $$$
d4302183,$$ - $$$
d8656741,$
d8723793,$
d4880414,$
d10147326,$
d11733283,$
d8606930,$
d12234830,$
d9975698,$$ - $$$
d987892,$$ - $$$
d12321458,$$ - $$$
d13320816,$$ - $$$
d7992300,$$ - $$$
d4761195,$$ - $$$
d8037970,$
d11722101,$
d12962877,$
d715423,$
d7256479,$
d13138821,$
d8696611,$
d782593,$$ - $$$
d1037065,$$ - $$$
d8385251,$
d1104331,$
d5959832,$
d1346434,$
d5966164,$
d11883259,$$ - $$$
d5778382,$
d4994285,$$ - $$$
d7226378,$
d7624518,$$ - $$$
d12670943,$$ - $$$
d8343780,$$ - $$$
d4506182,$
d4006809,$
d11993456,$$ - $$$
d9977659,$
d11844376,$
d11718987,$
d9850188,$
d11965811,$
d12934232,$$ - $$$
d7645590,$
d5244312,$
d11868356,$
d10878576,$
d991604,$$ - $$$
d6413534,$$ - $$$
d6809331,$$ - $$$
d13168333,$$ - $$$
d3609824,$
d12094910,$
d9810256,$$ - $$$
d10200202,$$ - $$$
d5955099,$
d10148117,$
d8099265,$
d5787881,$$ - $$$
d6688105,$$ - $$$
d1039021,$$ - $$$
d8088018,$
d991383,$
d12379601,$$ - $$$
d10094596,$$ - $$$
d5804507,$
d8114690,$
d11858739,$
d10594868,$$ - $$$
d10153330,$
d7243061,$
d10460255,$$ - $$$
d7384861,$$ - $$$
d12485813,$$ - $$$
d5606645,$$ - $$$
d10941125,$
d8684372,$
d6364181,$
d13131754,$
d5572648,$$ - $$$
d2175549,$$ - $$$
d12015306,$$ - $$$
d8862744,$$ - $$$
d12535450,$$ - $$$
d12668276,$$ - $$$
d5798662,$
d11920734,$
d12872179,$$ - $$$
d1342032,$$ - $$$
d1039246,$$ - $$$
d7369521,$$ - $$$
d5823563,$$ - $$$
d8487573,$$ - $$$
d959173,$$ - $$$
d4912085,$$ - $$$
d10451707,$$ - $$$
d5961439,$
d7714741,$
d12330378,$$ - $$$
d4332545,$
d11670047,$$ - $$$
d9765558,$
d7002382,$
d1039720,$
d13113374,$$ - $$$
d7940435,$
d1340328,$
d12657791,$$ - $$$
d8338362,$
d4155721,$$ - $$$
d4420171,$$ - $$$
d5504350,$$ - $$$
d12301625,$$ - $$$
d12940499,$$ - $$$
d5850448,$$ - $$$
d8494851,$$ - $$$
d5819999,$$ - $$$
d12982665,$$ - $$$
d12597445,$
d1329035,$$ - $$$
d8299356,$
d1341428,$
d12142690,$$ - $$$
d3385070,$
d8331716,$$ - $$$
d12326312,$
d10554549,$$ - $$$
d9996252,$
d5793239,$
d4465505,$$ - $$$
d12875825,$
d4215758,$$ - $$$
d5616709,$$ - $$$
d6622729,$
d10860208,$
d5220221,$
d7075619,$
d1039219,$$ - $$$
d5977345,$$ - $$$
d11945896,$$ - $$$
d8595843,$
d13078322,$$ - $$$
d11952970,$$ - $$$
d2435582,$$ - $$$
d6511413,$$ - $$$
d6619098,$$ - $$$
d778497,$
d11305957,$$ - $$$
d8297191,$
d9874540,$$ - $$$
d5795158,$$ - $$$
d5775938,$
d12360172,$$ - $$$
d2561004,$$ - $$$
d10109320,$
d4793803,$
d12705113,$
d10802007,$$ - $$$
d7675487,$
d10558906,$
d12429873,$
d4768805,$$ - $$$
d6363928,$$ - $$$
d10535255,$$ - $$$
d11863521,$$ - $$$
d9826439,$$ - $$$
d6106476,$
d12439175,$$ - $$$
d4769971,$
d12161521,$$ - $$$
d12878239,$$ - $$$
d2149884,$$ - $$$
d5520808,$
d6033928,$
d5509344,$
d10357994,$$ - $$$
d8339982,$
d1885457,$
d1957191,$
d8564418,$
d10700050,$$ - $$$
d4291523,$$ - $$$
d12348151,$
d8856901,$
d12437984,$$ - $$$
d2546507,$$ - $$$
d7223432,$
d10901239,$$ - $$$
d4197547,$$ - $$$
d8536323,$
d7356949,$$ - $$$
d12317655,$$ - $$$
d802547,$$ - $$$
d8663307,$
d7772776,$
d11748904,$
d10147337,$
d7981208,$$$$
d12871980,$$ - $$$
d8780422,$$ - $$$
d9826327,$
d7276836,$
d5865184,$$ - $$$
d5960506,$$ - $$$
d4091033,$$ - $$$
d8730871,$$ - $$$
d11491889,$$ - $$$
d5959063,$
d991674,$$ - $$$
d10162965,$$ - $$$
d12546138,$
d8714073,$$ - $$$
d13326532,$$ - $$$
d6425918,$$ - $$$
d5890549,$$ - $$$
d11794135,$
d10790680,$$ - $$$
d7392782,$$ - $$$
d5933934,$$$$
d3870549,$
d12356410,$$ - $$$
d10374076,$
d8817791,$
d11957755,$$ - $$$
d2734266,$$ - $$$
d7203999,$$ - $$$
d11443624,$$ - $$$
d12252399,$$ - $$$
d4609326,$$ - $$$
d9976590,$
d10722422,$
d937803,$$ - $$$
d5616765,$
d13114158,$
d13115059,$$ - $$$
d1960191,$$$$
d7194146,$$ - $$$
d9585679,$$ - $$$
d8415736,$
d5122104,$
d1516733,$
d12998670,$$ - $$$
d5868156,$$ - $$$
d1035196,$$ - $$$
d3562694,$$ - $$$
d8144276,$$ - $$$
d7766257,$
d6001477,$$ - $$$
d2073816,$
d12221332,$
d8677023,$
d10467697,$
d8581478,$
d6874281,$$ - $$$
d12075278,$$ - $$$
d5447578,$
d7678199,$$ - $$$
d12951681,$
d3524003,$$ - $$$
d7716490,$$ - $$$
d12267641,$
d11947277,$
d7989764,$
d8338647,$
d8747993,$
d11947590,$$ - $$$
d5486617,$$ - $$$
d9836588,$
d8399257,$$ - $$$
d7149274,$
d12787249,$
d5259748,$$ - $$$
d12363461,$
d5873606,$$ - $$$
d3822715,$$ - $$$
d12616118,$$ - $$$
d808404,$$$$
d12995017,$$ - $$$
d5810989,$$ - $$$
d9780742,$
d11914395,$
d6863490,$$ - $$$
d11403211,$
d2192700,$
d8017682,$
d4766825,$$ - $$$
d12860472,$$ - $$$
d10357858,$$ - $$$
d5491117,$$ - $$$
d990930,$$ - $$$
d7277865,$$ - $$$
d8338514,$
d10396062,$
d4912024,$
d3725891,$$$$
d12832311,$
d13168063,$$ - $$$
d9564543,$$ - $$$
d11817420,$
d13238022,$$ - $$$
d7349881,$
d11659461,$
d10046967,$$ - $$$
d8730827,$
d12885942,$$ - $$$
d12546630,$
d12340757,$$ - $$$
d8835452,$
d10047557,$
d2325440,$
d8522604,$$ - $$$
d3385174,$$ - $$$
d5518528,$
d8618786,$
d11859886,$$ - $$$
d6458700,$
d8058816,$$ - $$$
d10058762,$
d5568888,$$ - $$$
d696883,$$ - $$$
d10426113,$
d3629477,$
d8733376,$
d8651975,$$ - $$$
d2009357,$$ - $$$
d7315999,$
d5866522,$$ - $$$
d5795034,$
d6562490,$
d1340994,$
d3777366,$$ - $$$
d12337971,$$ - $$$
d5795022,$
d1337117,$$ - $$$
d8538235,$
d5798132,$
d5610842,$
d795758,$
d12477194,$
d4053512,$
d8645941,$
d10228099,$$ - $$$
d12358096,$
d5510652,$$ - $$$
d10072455,$
d12059549,$
d13199355,$
d5884204,$$ - $$$
d5616797,$
d2427173,$$ - $$$
d12171950,$
d12918296,$$ - $$$
d8479424,$$ - $$$
d7254648,$$ - $$$
d5776365,$
d4750461,$
d8472481,$$ - $$$
d4560451,$$ - $$$
d5813657,$
d12637627,$$ - $$$
d8339164,$
d5860371,$
d7211463,$
d8799558,$$ - $$$
d8807155,$
d4817578,$
d8338335,$
d12559582,$$ - $$$
d5984008,$
d2662887,$$ - $$$
d7262543,$$ - $$$
d8461493,$$$$
d12669299,$$ - $$$
d6414650,$
d10485247,$$ - $$$
d12994513,$$ - $$$
d8460515,$
d12398973,$$ - $$$
d6995255,$
d10520039,$$ - $$$
d6501976,$$ - $$$
d11773079,$
d10794888,$$ - $$$
d5890432,$
d12834077,$
d7124395,$
d12446638,$
d6945378,$
d11643638,$$ - $$$
d7922131,$$ - $$$
d8471317,$$ - $$$
d5972757,$$ - $$$
d10895279,$$ - $$$
d10226836,$$ - $$$
d7899481,$
d12674169,$$ - $$$
d5964720,$$ - $$$
d8710301,$$ - $$$
d781940,$$ - $$$
d7706840,$
d9791620,$
d9814928,$
d12526509,$$ - $$$
d11859389,$$ - $$$
d964608,$$ - $$$
d5220270,$
d5609093,$
d1381550,$$ - $$$
d12189025,$$ - $$$
d8448567,$$ - $$$
d11947164,$$ - $$$
d6825621,$
d6948154,$$ - $$$
d8488271,$$$$
d12442618,$$ - $$$
d6551084,$
d5865552,$$ - $$$
d12535707,$
d13324246,$
d6434909,$$ - $$$
d2535820,$$ - $$$
d7289123,$
d8091903,$$ - $$$
d6688214,$$ - $$$
d11841575,$$ - $$$
d9752090,$
d1085863,$$ - $$$
d8287507,$
d12269288,$
d10628357,$$ - $$$
d12597784,$$ - $$$
d10129914,$
d7252045,$
d10455097,$$$$
d5039196,$$ - $$$
d9562548,$$$$
d10750991,$$ - $$$
d10679054,$$ - $$$
d10365399,$
d12446979,$
d7229020,$$ - $$$
d5220194,$$ - $$$
d8054503,$$ - $$$
d11903277,$
d12005023,$$ - $$$
d1317032,$$ - $$$
d12609854,$
d5529360,$$ - $$$
d13230535,$$ - $$$
d3864764,$
d6839288,$
d5982813,$$ - $$$
d1035544,$$ - $$$
d10027589,$
d6714829,$$ - $$$
d4215721,$$ - $$$
d10806890,$$ - $$$
d1090422,$$ - $$$
d5986450,$
d10041117,$$ - $$$
d8672442,$
d13170250,$$ - $$$
d8841058,$
d12858994,$
d8855203,$
d5959332,$$ - $$$
d7992893,$$ - $$$
d8114315,$$ - $$$
d12252077,$
d9743689,$
d1959317,$$ - $$$
d11807523,$$ - $$$
d10636161,$
d8605058,$$ - $$$
d7133702,$$ - $$$
d9746017,$$ - $$$
d8559659,$
d4767629,$$ - $$$
d7991223,$$ - $$$
d1342137,$$ - $$$
d7589420,$
d12842221,$$ - $$$
d8726925,$$ - $$$
d12419880,$
d2225310,$
d12937090,$$ - $$$
d10163632,$$ - $$$
d3701368,$
d7997450,$
d5853459,$$ - $$$
d11841817,$$ - $$$
d8440529,$$ - $$$
d8658552,$$ - $$$
d8821440,$$ - $$$
d10424517,$
d4491314,$$ - $$$
d1625410,$
d12874599,$$ - $$$
d10042180,$$ - $$$
d12828008,$
d6458891,$$ - $$$
d4890672,$
d10729429,$$ - $$$
d8813464,$
d7589832,$$ - $$$
d12880252,$$ - $$$
d10678443,$
d8340799,$
d8547155,$
d9599232,$$ - $$$
d12059135,$$$$
d5850867,$$ - $$$
d8415245,$
d12296373,$$ - $$$
d12351075,$$$$
d10428285,$$ - $$$
d7621774,$$ - $$$
d8504406,$
d10547960,$$ - $$$
d11660783,$$ - $$$
d13006998,$$ - $$$
d12287051,$$ - $$$
d4115691,$
d9856265,$$ - $$$
d7697976,$
d12597486,$
d12936715,$$ - $$$
d8390660,$$ - $$$
d10518062,$
d5487645,$
d12826203,$
d10131652,$
d7699807,$
d8359838,$$ - $$$
d6509036,$$ - $$$
d10157986,$$ - $$$
d9974845,$$$$
d4597732,$
d7068598,$$ - $$$
d8077111,$$ - $$$
d6673563,$$ - $$$
d10400208,$$ - $$$
d5220246,$
d4911067,$
d12320197,$$ - $$$
d3840838,$$ - $$$
d11925699,$$ - $$$
d10455361,$$ - $$$
d8562839,$
d3730709,$$ - $$$
d10803127,$$ - $$$
d4123752,$$ - $$$
d11871561,$$ - $$$
d2417565,$
d10071183,$
d7133681,$$ - $$$
d7045733,$
d1345006,$
d7932689,$$ - $$$
d9825439,$$ - $$$
d4844367,$$ - $$$
d5872669,$$ - $$$
d6720236,$$ - $$$
d9751117,$$ - $$$
d1357378,$$ - $$$
d12359883,$$$$
d10777866,$
d12669290,$$ - $$$
d6977036,$
d10741476,$$ - $$$
d11446979,$
d1122565,$
d5873331,$
d8116993,$$ - $$$
d10270558,$$ - $$$
d3984250,$
d8262713,$$ - $$$
d1335347,$$ - $$$
d4451894,$$ - $$$
d7599086,$
d8864193,$
d5616643,$$ - $$$
d13004222,$$$$
d8448007,$$ - $$$
d12615033,$$ - $$$
d12422986,$$ - $$$
d12191435,$$ - $$$
d10029815,$$ - $$$
d5866641,$$ - $$$
d11711212,$$ - $$$
d9802657,$
d12971689,$
d10458731,$
d1422231,$$ - $$$
d8449518,$$ - $$$
d6734074,$
d1038830,$$ - $$$
d12295852,$
d12556254,$
d12864736,$
d740564,$$ - $$$
d7928418,$$ - $$$
d10831182,$$ - $$$
d13003828,$$ - $$$
d7108851,$$ - $$$
d10116313,$
d10485155,$
d8596504,$
d7379780,$$ - $$$
d3842800,$$ - $$$
d7653256,$
d10532885,$$ - $$$
d5567535,$
d12062083,$$ - $$$
d11962207,$
d9744451,$$ - $$$
d3746133,$$ - $$$
d12367784,$$ - $$$
d10108477,$
d10095296,$
d12326511,$$ - $$$
d12321003,$
d1469179,$$ - $$$
d8835693,$$ - $$$
d1114371,$
d2015673,$$ - $$$
d4475951,$
d1067533,$$ - $$$
d10576344,$$ - $$$
d2706261,$$ - $$$
d10226705,$
d5081354,$$ - $$$
d9734695,$$ - $$$
d12948461,$$ - $$$
d12059322,$$ - $$$
d12056463,$$ - $$$
d12557655,$
d12367475,$
d2034969,$$$$
d5887481,$$ - $$$
d10547346,$
d11992847,$
d9819263,$
d6704595,$$ - $$$
d13187843,$
d5959124,$$ - $$$
d8311061,$
d12323115,$$ - $$$
d12903253,$$ - $$$
d10049262,$
d5786814,$
d7194356,$
d4491884,$$ - $$$
d13109977,$$ - $$$
d5957282,$$ - $$$
d12187824,$$ - $$$
d12379016,$$ - $$$
d4027194,$
d9876869,$$ - $$$
d10758651,$$ - $$$
d8874048,$$ - $$$
d10247889,$$ - $$$
d10073431,$
d11998515,$$ - $$$
d8656142,$
d7226434,$
d2020067,$$ - $$$
d7714807,$$ - $$$
d7367684,$
d8762922,$
d13125945,$$ - $$$
d6739438,$$ - $$$
d5768274,$$ - $$$
d12416969,$$ - $$$
d8619243,$$$$
d12177719,$
d7289262,$$ - $$$
d13163398,$$ - $$$
d4770086,$$ - $$$
d1341179,$
d6948557,$
d10727476,$
d12301154,$$ - $$$
d8499361,$
d1226202,$
d12113719,$
d8796167,$$ - $$$
d10425811,$
d13219718,$
d8114433,$
d12850311,$
d8037037,$
d4745757,$$ - $$$
d718878,$$ - $$$
d8115652,$
d10841016,$$ - $$$
d3484936,$$ - $$$
d12239180,$$ - $$$
d929184,$$ - $$$
d10459297,$
d12839104,$
d9776697,$
d12895351,$$ - $$$
d4769731,$$ - $$$
d4597814,$$ - $$$
d6424403,$$ - $$$
d2322230,$$ - $$$
d13075268,$$ - $$$
d12598205,$
d8339192,$
d10816921,$$ - $$$
d12988297,$
d8397480,$$ - $$$
d8619359,$$ - $$$
d8700206,$
d6863489,$$ - $$$
d5853878,$
d7145746,$
d1016193,$$ - $$$
d982938,$
d9996455,$$ - $$$
d12959554,$$ - $$$
d2251251,$
d8325200,$$ - $$$
d12845129,$$ - $$$
d7086022,$$ - $$$
d12322199,$$$$
d720554,$
d3954111,$
d12156894,$$ - $$$
d5768461,$$ - $$$
d7084576,$$ - $$$
d12182386,$
d11952856,$$ - $$$
d1337045,$$ - $$$
d10202494,$$ - $$$
d4460955,$$ - $$$
d4584612,$$ - $$$
d8338587,$$ - $$$
d12487841,$
d10701820,$
d8338597,$
d7998141,$$ - $$$
d9797216,$$ - $$$
d4059148,$
d5795033,$$ - $$$
d1345015,$
d2227062,$
d10824504,$
d6621239,$
d10452225,$
d11932399,$$ - $$$
d12902247,$$ - $$$
d4149032,$$ - $$$
d10441038,$$ - $$$
d5122969,$
d8132558,$$ - $$$
d6420527,$
d12026224,$$ - $$$
d12940168,$$$$
d1037159,$$ - $$$
d7251843,$
d12788232,$$ - $$$
d10712439,$$ - $$$
d7125125,$
d4150234,$$ - $$$
d12475546,$
d13323452,$
d8410833,$
d5804411,$
d10810804,$
d10748320,$$ - $$$
d8638702,$$ - $$$
d11926312,$
d12778632,$$ - $$$
d7778543,$$ - $$$
d8757756,$$ - $$$
d9699671,$$ - $$$
d8619845,$
d2632125,$$ - $$$
d10815767,$
d13207326,$$ - $$$
d7350412,$
d6864260,$
d7251088,$$ - $$$
d10673026,$$ - $$$
d7256974,$
d13010268,$
d8068487,$
d1599930,$$ - $$$
d13167046,$$ - $$$
d12392388,$
d13129440,$$ - $$$
d12875401,$
d12712646,$$ - $$$
d10194264,$
d1312324,$$ - $$$
d10046343,$$ - $$$
d13124708,$
d10337900,$
d13004560,$
d6694398,$$$$
d10484793,$$ - $$$
d10782646,$$ - $$$
d11871185,$$ - $$$
d11965272,$$ - $$$
d13198198,$$ - $$$
d6720259,$$ - $$$
d6160532,$
d12907116,$
d5815728,$
d4923427,$$ - $$$
d9769611,$
d4149635,$$$$
d4276455,$$ - $$$
d7158625,$
d4308995,$
d4132256,$
d13226010,$$ - $$$
d6375986,$$$$
d8462253,$
d5524877,$$ - $$$
d11927885,$$ - $$$
d12881110,$$ - $$$
d10340934,$
d8338274,$
d8681039,$
d1039594,$$ - $$$
d8401846,$$ - $$$
d12095757,$$ - $$$
d11898112,$$ - $$$
d7196342,$$$$
d5972752,$$ - $$$
d10814702,$
d11646231,$$ - $$$
d5610042,$
d5980469,$
d10697157,$
d12932634,$$ - $$$
d5430545,$$ - $$$
d11888757,$
d11895704,$$ - $$$
d12830797,$$ - $$$
d1071115,$$$$
d9746530,$$ - $$$
d8068681,$
d7258789,$$ - $$$
d10285751,$$ - $$$
d9724137,$
d10134274,$$ - $$$
d2153461,$$ - $$$
d5960937,$$ - $$$
d997557,$$ - $$$
d991839,$$ - $$$
d13172679,$$ - $$$
d13116980,$$ - $$$
d9844733,$
d12947271,$
d7928571,$
d10771497,$
d5122080,$$ - $$$
d10592679,$
d4583536,$$ - $$$
d807095,$$ - $$$
d12574129,$
d8484259,$$ - $$$
d13237968,$$ - $$$
d11656248,$$ - $$$
d10106527,$
d13152126,$$ - $$$
d751973,$$ - $$$
d12178569,$
d12509204,$$ - $$$
d8076104,$$ - $$$
d6894295,$
d12188183,$$ - $$$
d1172214,$
d12190367,$$ - $$$
d8297069,$
d12030539,$$ - $$$
d8791362,$$ - $$$
d7703036,$$ - $$$
d13167414,$$ - $$$
d5528029,$$ - $$$
d13418128,$$ - $$$
d988006,$
d6705978,$
d3575778,$$ - $$$
d12822539,$$ - $$$
d7123775,$$ - $$$
d8605223,$$ - $$$
d12096070,$$ - $$$
d10495792,$$ - $$$
d4171531,$
d5824025,$$ - $$$
d5487074,$$ - $$$
d5821557,$
d991147,$$ - $$$
d4768209,$$ - $$$
d6687005,$$ - $$$
d5872961,$$ - $$$
d9772773,$
d1336993,$
d8117867,$
d9781794,$
d12827824,$$ - $$$
d7034678,$$ - $$$
d12414956,$$ - $$$
d10267229,$$ - $$$
d9779568,$
d8022571,$
d7315820,$$ - $$$
d5512245,$$ - $$$
d5860148,$
d8020111,$$ - $$$
d7973169,$
d10307474,$$ - $$$
d10754750,$$ - $$$
d10302656,$$ - $$$
d2508368,$$ - $$$
d2420227,$
d9709506,$$ - $$$
d10600526,$$ - $$$
d13110595,$$ - $$$
d13223868,$$ - $$$
d12866425,$$ - $$$
d8338605,$
d11876777,$
d12858445,$$ - $$$
d8518304,$
d5888848,$
d7131903,$$ - $$$
d9561484,$
d8368436,$$ - $$$
d8852675,$$ - $$$
d10392085,$$ - $$$
d8421857,$$ - $$$
d12384171,$$ - $$$
d4767810,$
d8114440,$$ - $$$
d4914989,$
d5220341,$
d5949223,$$ - $$$
d4209794,$$ - $$$
d8724411,$
d8381095,$$$$
d9776547,$
d4149187,$
d12732088,$
d12598112,$$ - $$$
d12511122,$$ - $$$
d7291391,$$ - $$$
d5220338,$
d3901920,$$ - $$$
d11514976,$$ - $$$
d8427312,$$ - $$$
d7720835,$$ - $$$
d10693212,$$ - $$$
d11535767,$$ - $$$
d12967511,$$ - $$$
d1986544,$$ - $$$
d12439450,$$ - $$$
d3505891,$$ - $$$
d717344,$$ - $$$
d7205473,$$ - $$$
d10910803,$$ - $$$
d10451442,$
d10292298,$$ - $$$
d10196311,$
d8177898,$$ - $$$
d6762403,$
d2287471,$$ - $$$
d12570859,$$ - $$$
d11978039,$$ - $$$
d4507024,$$ - $$$
d8532890,$$ - $$$
d1036953,$$ - $$$
d1344181,$$ - $$$
d7989334,$
d12718522,$$ - $$$
d10150941,$
d10041313,$$ - $$$
d3702589,$$ - $$$
d12541833,$
d8816383,$$ - $$$
d10596707,$
d10430882,$
d6734923,$
d4767554,$
d8765475,$
d12947761,$
d2171938,$$ - $$$
d13307636,$$ - $$$
d8827502,$
d7060719,$
d10642476,$$ - $$$
d4769824,$
d12216416,$
d2281202,$$ - $$$
d4556249,$
d6464396,$
d10063287,$
d8769495,$
d7992380,$$ - $$$
d13306999,$$ - $$$
d9790595,$$ - $$$
d8774603,$$ - $$$
d12794731,$$ - $$$
d8684717,$$ - $$$
d7736770,$$ - $$$
d10467456,$
d697512,$$ - $$$
d6352165,$$ - $$$
d12407723,$
d8446635,$$ - $$$
d8493100,$
d7994484,$
d10780434,$$ - $$$
d5851105,$
d6002405,$
d12326758,$$ - $$$
d12843452,$$ - $$$
d10353726,$
d5825880,$$$$
d13087964,$
d5816764,$$ - $$$
d3963327,$$ - $$$
d4590442,$$ - $$$
d7284039,$
d8336163,$$ - $$$
d4769877,$$ - $$$
d12186917,$
d1346454,$
d12940960,$$ - $$$
d4876685,$
d1341184,$$ - $$$
d5506869,$$ - $$$
d1358242,$$ - $$$
d7198134,$
d12367828,$$ - $$$
d964342,$$ - $$$
d3849477,$$ - $$$
d2318693,$$ - $$$
d12071597,$$ - $$$
d11747994,$
d12480561,$
d6868707,$
d8027026,$
d12910024,$
d12233274,$$ - $$$
d12397130,$
d2457201,$
d12945959,$
d6929751,$
d5217457,$$ - $$$
d9746137,$
d13140269,$$ - $$$
d8114856,$$ - $$$
d4106311,$$ - $$$
d1325667,$$ - $$$
d11903678,$$$$
d7184897,$
d7226179,$$ - $$$
d11929586,$$ - $$$
d988069,$$ - $$$
d5522004,$
d5811536,$
d12320230,$$ - $$$
d10064590,$$ - $$$
d10821952,$
d12969456,$$ - $$$
d9862354,$
d12130863,$$ - $$$
d7813881,$
d6639042,$
d12718828,$$ - $$$
d13237265,$$ - $$$
d7360610,$
d8679064,$
d7121931,$$ - $$$
d10241549,$$ - $$$
d5788027,$
d1340919,$$ - $$$
d8825294,$$ - $$$
d5614552,$
d10076233,$$ - $$$
d12919466,$
d12002260,$
d9554542,$
d8337764,$$ - $$$
d4971919,$
d4236242,$
d2365492,$
d7804424,$
d11930661,$$ - $$$
d12051328,$
d12584437,$
d6564838,$$ - $$$
d12152292,$$ - $$$
d12165372,$$ - $$$
d11909063,$
d12885337,$$ - $$$
d6468602,$$ - $$$
d9594978,$$ - $$$
d7181232,$
d991691,$$ - $$$
d9710832,$
d2456704,$
d5795179,$
d12186261,$
d2419689,$
d1039184,$
d12903213,$
d5243176,$
d12125674,$
d8481871,$$ - $$$
d13155890,$$ - $$$
d9597997,$$ - $$$
d10784272,$
d4769712,$$ - $$$
d5928178,$$ - $$$
d5486891,$
d10275852,$
d1828532,$$ - $$$
d10723945,$
d1821023,$$ - $$$
d7814932,$$ - $$$
d1328180,$$ - $$$
d7806583,$$ - $$$
d5778345,$$$$
d5795295,$$ - $$$
d12474539,$$ - $$$
d11997772,$
d12981084,$$ - $$$
d12689226,$$ - $$$
d7158267,$$ - $$$
d12859789,$
d1808993,$$ - $$$
d5819566,$$ - $$$
d10466019,$$ - $$$
d5822729,$$ - $$$
d8339872,$
d13136194,$$ - $$$
d1503596,$$ - $$$
d4149761,$$ - $$$
d3989727,$$ - $$$
d10232558,$$ - $$$
d4179321,$
d11813765,$$ - $$$
d7290702,$$ - $$$
d5804462,$
d6487891,$$ - $$$
d4397931,$$ - $$$
d10085357,$
d1016576,$$ - $$$
d5827011,$$ - $$$
d9831070,$$ - $$$
d8110657,$
d3510102,$$ - $$$
d12328159,$$ - $$$
d4844578,$
d7336885,$$ - $$$
d10822245,$
d5788607,$
d2724112,$$ - $$$
d8545597,$
d12399301,$
d11913600,$$ - $$$
d5617229,$$ - $$$
d7215615,$
d13163658,$$ - $$$
d10200873,$$ - $$$
d8355863,$
d12855194,$
d12715530,$
d10157434,$
d13293560,$
d3432774,$
d13139111,$$ - $$$
d3404713,$$ - $$$
d4925463,$$ - $$$
d2371919,$
d13205816,$$ - $$$
d12453284,$$ - $$$
d5243360,$$ - $$$
d10026199,$$ - $$$
d5981121,$
d5895326,$$$$
d11714834,$$ - $$$
d3529512,$
d10455697,$$ - $$$
d7612957,$
d5957225,$$ - $$$
d8806798,$
d3385108,$$ - $$$
d6737454,$$ - $$$
d4550695,$
d8730814,$
d13325769,$$ - $$$
d1197680,$$ - $$$
d12597077,$$$$
d10403855,$$ - $$$
d7353246,$
d5973612,$$ - $$$
d7691742,$$ - $$$
d11890718,$
d10784793,$$ - $$$
d5489542,$
d3539837,$$ - $$$
d8773471,$
d7123459,$
d4469392,$
d12949413,$$ - $$$
d7243103,$$ - $$$
d12333684,$
d5610056,$
d7088246,$$ - $$$
d11733716,$
d7983596,$$ - $$$
d7804172,$$ - $$$
d11817151,$$ - $$$
d10784435,$
d7274387,$$ - $$$
d12019833,$
d7394585,$$ - $$$
d8368349,$
d11747645,$$ - $$$
d8581449,$
d9726428,$
d10681025,$
d7809695,$
d6420242,$$ - $$$
d5811095,$
d12870561,$$ - $$$
d6720573,$
d12615017,$$ - $$$
d12736333,$
d7346902,$
d9811545,$
d10594396,$$ - $$$
d10049135,$$ - $$$
d5965526,$
d5505743,$$ - $$$
d11547400,$$ - $$$
d5617372,$$ - $$$
d10454701,$$ - $$$
d695731,$$ - $$$
d5981102,$
d694430,$
d1038890,$$ - $$$
d9739991,$$ - $$$
d5800182,$
d9722804,$$ - $$$
d12714434,$
d12843434,$
d8848466,$$ - $$$
d6868819,$
d10225559,$$ - $$$
d12865928,$
d10844790,$
d1906085,$$ - $$$
d12969746,$$ - $$$
d5519656,$$ - $$$
d11824153,$$ - $$$
d12612267,$
d11915838,$
d2479964,$$ - $$$
d12723596,$$ - $$$
d10445164,$$ - $$$
d7705896,$$ - $$$
d4886067,$$ - $$$
d10041251,$$ - $$$
d12945773,$$ - $$$
d4550796,$
d12999709,$$ - $$$
d7990722,$$ - $$$
d12709215,$$ - $$$
d10246133,$$ - $$$
d8494144,$$ - $$$
d3704667,$
d11535848,$$ - $$$
d10598256,$
d13313894,$$ - $$$
d8665127,$
d10446273,$
d5811563,$$ - $$$
d6363843,$$ - $$$
d1993112,$$ - $$$
d10789405,$$ - $$$
d12925683,$$ - $$$
d3186678,$
d991627,$$ - $$$
d7971932,$$ - $$$
d10254524,$$ - $$$
d4912516,$$ - $$$
d11953104,$$ - $$$
d4352049,$$ - $$$
d8730699,$$ - $$$
d6864939,$
d10027066,$
d8430949,$
d8339690,$
d11964412,$$ - $$$
d8018997,$$ - $$$
d5558688,$
d10389366,$$ - $$$
d7989727,$
d10762631,$
d8834212,$
d12171910,$
d1997917,$$ - $$$
d7907611,$$ - $$$
d4909494,$$ - $$$
d12276666,$$ - $$$
d8777888,$$ - $$$
d1153958,$
d11844817,$$ - $$$
d12234032,$$ - $$$
d5860154,$
d10685884,$
d1328181,$$ - $$$
d5870848,$
d13083436,$$$$
d7046436,$
d742678,$$ - $$$
d5850787,$$ - $$$
d5824261,$
d7229120,$$ - $$$
d7355065,$$ - $$$
d11904585,$
d4443902,$
d5852976,$$ - $$$
d12898120,$$ - $$$
d10620020,$$ - $$$
d11678028,$$ - $$$
d12593334,$$ - $$$
d8297847,$$ - $$$
d694432,$$ - $$$
d11657087,$
d5778375,$
d12117635,$$ - $$$
d1039098,$$ - $$$
d1216562,$
d12050035,$$ - $$$
d7708325,$$ - $$$
d8498470,$
d10719182,$
d1974266,$
d10483850,$
d8765459,$
d12885121,$
d8479806,$$ - $$$
d1337430,$$ - $$$
d12944325,$$ - $$$
d12061912,$$ - $$$
d8539414,$$ - $$$
d10786762,$$ - $$$
d2073393,$
d12206878,$
d12538903,$$ - $$$
d6490162,$$ - $$$
d7995967,$
d5981396,$
d8130155,$
d9872428,$$$$
d793802,$$ - $$$
d6224451,$
d10043293,$
d4919197,$
d12266185,$$ - $$$
d7124428,$$ - $$$
d13198083,$$ - $$$
d5243151,$$ - $$$
d12192016,$
d4738582,$$ - $$$
d4074667,$$ - $$$
d12543295,$
d2233173,$$ - $$$
d8016298,$$ - $$$
d12948875,$$ - $$$
d8745697,$$ - $$$
d7214679,$
d3968264,$
d9782262,$$ - $$$
d1963482,$$ - $$$
d5602967,$
d13307450,$$$$
d779392,$
d4547307,$$ - $$$
d7124111,$
d10026301,$$ - $$$
d3880165,$$ - $$$
d11857651,$$ - $$$
d12226868,$$ - $$$
d12116608,$$ - $$$
d10055782,$
d8407508,$
d7616210,$$ - $$$
d13139762,$$$$
d5820181,$$ - $$$
d1346217,$$ - $$$
d4128610,$$ - $$$
d6659300,$$ - $$$
d8806137,$
d11810082,$$ - $$$
d13139838,$$ - $$$
d9580195,$$ - $$$
d1008641,$
d7618689,$$ - $$$
d8339856,$$ - $$$
d11814300,$$ - $$$
d7284974,$$ - $$$
d12682016,$$ - $$$
d10378757,$
d13125118,$$ - $$$
d10495119,$$ - $$$
d7342374,$$ - $$$
d10298711,$$ - $$$
d9763583,$
d12153438,$$ - $$$
d10629028,$$ - $$$
d10344721,$$ - $$$
d5616175,$
d11548926,$$ - $$$
d13236739,$
d11070553,$$ - $$$
d12238424,$$ - $$$
d13198247,$$ - $$$
d11596486,$
d5975678,$$ - $$$
d12438510,$$ - $$$
d4919408,$
d11932335,$$ - $$$
d10323804,$$ - $$$
d1115804,$$ - $$$
d7175254,$
d7702781,$
d5008777,$
d4461485,$
d11917576,$$$$
d7144184,$$ - $$$
d3721375,$$ - $$$
d9585472,$$ - $$$
d12637532,$
d8373416,$$ - $$$
d4454456,$
d4597951,$$$$
d8097660,$$ - $$$
d8015786,$$ - $$$
d7181002,$$ - $$$
d9729856,$$ - $$$
d10793501,$
d7123676,$$ - $$$
d8491443,$$ - $$$
d6612458,$
d12716741,$$ - $$$
d9465975,$$ - $$$
d2232729,$$ - $$$
d4763757,$$ - $$$
d10084208,$
d12907413,$$ - $$$
d1098380,$
d10514818,$$ - $$$
d8845348,$
d7343006,$$ - $$$
d12610491,$
d9771198,$$ - $$$
d8429317,$
d12415319,$
d10265012,$$ - $$$
d11795975,$
d1013188,$$ - $$$
d10460744,$$ - $$$
d12901753,$$ - $$$
d10810061,$
d10040678,$
d695193,$$ - $$$
d10357350,$
d1037273,$$ - $$$
d8465611,$
d12378896,$
d7124256,$
d5924045,$
d8378634,$$ - $$$
d5818304,$$ - $$$
d9848643,$
d12789957,$
d9729556,$$ - $$$
d4182513,$$ - $$$
d5776074,$$ - $$$
d11693632,$
d11607588,$
d12242670,$$ - $$$
d7727852,$$ - $$$
d5484826,$
d9826580,$
d12333751,$
d11773414,$
d11795698,$$ - $$$
d11151903,$
d7992513,$
d9166702,$
d12800426,$
d12712306,$$ - $$$
d8501486,$
d5965968,$$ - $$$
d10319255,$$ - $$$
d1330664,$$ - $$$
d10306546,$$ - $$$
d11842673,$$ - $$$
d5850920,$
d1173463,$$ - $$$
d9565455,$
d2156587,$$ - $$$
d10437982,$
d11825035,$$ - $$$
d5866583,$
d1323694,$$ - $$$
d886860,$$ - $$$
d3668909,$$ - $$$
d6611930,$
d5971950,$$ - $$$
d12179686,$
d8533491,$$ - $$$
d7078848,$
d5223290,$
d12613586,$$ - $$$
d1752364,$
d8338338,$
d7051515,$$ - $$$
d8057766,$
d11905337,$$ - $$$
d12947060,$$ - $$$
d6019482,$$ - $$$
d8152758,$$ - $$$
d11747658,$$ - $$$
d12478929,$
d3344016,$$ - $$$
d8752011,$
d7593949,$$ - $$$
d11749116,$$ - $$$
d10682385,$$ - $$$
d1942804,$$ - $$$
d10051032,$$ - $$$
d1359798,$$ - $$$
d4887853,$
d9857382,$
d5959513,$$ - $$$
d982932,$
d5442868,$
d12806065,$$ - $$$
d5850643,$
d7255785,$
d4433520,$$ - $$$
d12840697,$$ - $$$
d10460941,$
d8837115,$
d12201536,$
d8545603,$
d3749063,$$ - $$$
d7023811,$$ - $$$
d7337448,$$ - $$$
d11917183,$
d3442448,$$ - $$$
d5963816,$
d9567317,$$ - $$$
d5772570,$$ - $$$
d10064351,$
d13238453,$$ - $$$
d6959710,$
d5864168,$$ - $$$
d4413178,$$ - $$$
d10154414,$
d4768724,$
d1332170,$$ - $$$
d6706485,$$ - $$$
d6919791,$$ - $$$
d12869140,$$ - $$$
d6589245,$
d7361788,$
d6703612,$
d6116877,$
d8422566,$
d1081386,$$ - $$$
d8548422,$
d8278389,$
d793187,$$$$
d5493105,$$ - $$$
d7350307,$$ - $$$
d11637366,$$ - $$$
d7995734,$$ - $$$
d8486395,$$ - $$$
d7124544,$
d1056291,$$ - $$$
d5263690,$$ - $$$
d7626785,$
d11841903,$
d8463026,$$ - $$$
d13200450,$
d12594702,$$ - $$$
d11657131,$
d4091593,$
d8338364,$
d8611686,$
d4985377,$$ - $$$
d8064902,$$ - $$$
d12855773,$$ - $$$
d12661984,$
d11758488,$
d12246247,$$$$
d964491,$$ - $$$
d7063449,$$ - $$$
d5822505,$
d11844033,$
d5614796,$$ - $$$
d10040725,$
d7908757,$$ - $$$
d5799961,$
d8096478,$
d12946942,$$ - $$$
d10257861,$$ - $$$
d5873399,$
d13298844,$$ - $$$
d5824628,$
d9817467,$$ - $$$
d3169706,$
d1323099,$$ - $$$
d8124178,$
d990791,$$ - $$$
d7799864,$$ - $$$
d5800729,$$ - $$$
d8297246,$
d12091645,$$ - $$$
d5011698,$$ - $$$
d5498210,$$ - $$$
d11854799,$
d9465421,$$ - $$$
d4912090,$
d4770099,$$ - $$$
d5808432,$
d6429627,$
d7230447,$$ - $$$
d5544563,$$ - $$$
d7113705,$
d9781150,$$ - $$$
d12976363,$
d7214794,$$ - $$$
d7077236,$$ - $$$
d3953336,$$ - $$$
d2313222,$$ - $$$
d12533808,$
d12321733,$$ - $$$
d9981533,$
d7973209,$$ - $$$
d6418072,$$ - $$$
d1062422,$$ - $$$
d5616657,$$ - $$$
d12287067,$$ - $$$
d12322698,$$ - $$$
d2535723,$
d9562457,$
d2010956,$$ - $$$
d10338043,$$ - $$$
d4167660,$$ - $$$
d5892009,$
d9569030,$
d10821474,$$ - $$$
d12682337,$
d5796257,$$ - $$$
d8713938,$$ - $$$
d7311050,$$ - $$$
d8793769,$$ - $$$
d4959571,$$ - $$$
d10441825,$
d8371902,$
d7910518,$
d8494240,$
d4297223,$$ - $$$
d4843264,$
d12632741,$$ - $$$
d12860006,$$ - $$$
d3707333,$
d11702167,$$ - $$$
d4943053,$
d9697369,$
d10623477,$
d4994223,$$ - $$$
d5959836,$
d12187927,$$ - $$$
d990636,$$ - $$$
d10624285,$
d12971650,$
d11688849,$$ - $$$
d11912228,$
d7759341,$
d11903569,$$ - $$$
d4131064,$$ - $$$
d11719405,$
d3793871,$$ - $$$
d10164682,$$ - $$$
d12032969,$$ - $$$
d11879673,$$ - $$$
d13124243,$$ - $$$
d1335029,$$ - $$$
d1090513,$$ - $$$
d8339850,$
d11180524,$
d12404708,$$ - $$$
d8333989,$$ - $$$
d11921307,$$ - $$$
d8746280,$
d990995,$$ - $$$
d3840421,$$$$
d8339181,$
d1324359,$$ - $$$
d12411211,$$ - $$$
d5865420,$$ - $$$
d1098892,$
d7234081,$$ - $$$
d9881524,$$ - $$$
d9829840,$$ - $$$
d12490131,$$ - $$$
d8015092,$$ - $$$
d10394161,$
d12644113,$$ - $$$
d10884073,$
d6132048,$$ - $$$
d12238438,$
d7189289,$
d1213112,$
d12479038,$
d8041098,$
d10223184,$$ - $$$
d1334093,$$ - $$$
d9728824,$$ - $$$
d5981238,$$ - $$$
d10713466,$$ - $$$
d1340129,$$ - $$$
d11693153,$
d10082380,$$ - $$$
d12512061,$
d1077859,$$ - $$$
d12596864,$$ - $$$
d6429658,$$ - $$$
d9586379,$
d9767189,$$ - $$$
d7088642,$$ - $$$
d6196887,$
d11800569,$$ - $$$
d10830503,$
d8338524,$
d4795354,$$$$
d13185579,$
d3751428,$$ - $$$
d9767591,$
d8092961,$
d1322263,$$ - $$$
d5865286,$$ - $$$
d12525309,$
d5986264,$
d10782585,$$ - $$$
d7059601,$$ - $$$
d7160762,$
d4062230,$
d2311036,$$ - $$$
d5614832,$$ - $$$
d5510263,$$ - $$$
d12542629,$$ - $$$
d4404704,$
d6157665,$$ - $$$
d10730433,$
d11700928,$
d7993505,$$ - $$$
d11809827,$
d7995294,$$ - $$$
d11644560,$$ - $$$
d1147107,$$ - $$$
d12575804,$
d6542465,$
d8468650,$
d12965944,$
d12708661,$$ - $$$
d6705906,$
d12225609,$
d1232088,$$ - $$$
d8752107,$$ - $$$
d7819963,$
d11678329,$$ - $$$
d8068662,$$ - $$$
d11716628,$$ - $$$
d10664281,$$ - $$$
d1534768,$$ - $$$
d12835806,$$ - $$$
d12927416,$$ - $$$
d5981658,$$ - $$$
d12003615,$$ - $$$
d8050905,$
d4770134,$$ - $$$
d7123585,$$ - $$$
d11918984,$$ - $$$
d8117295,$$ - $$$
d9739235,$$ - $$$
d13055068,$$ - $$$
d3793929,$
d5796795,$$ - $$$
d5795277,$$ - $$$
d4579462,$
d7952442,$
d12640973,$
d3648621,$$ - $$$
d12309283,$$ - $$$
d12607818,$$ - $$$
d6880900,$
d5851837,$
d8540292,$
d9814570,$$ - $$$
d12334932,$$ - $$$
d12992755,$
d13202379,$$ - $$$
d8673850,$$ - $$$
d10145743,$$ - $$$
d1356455,$$ - $$$
d9743644,$
d3177106,$$ - $$$
d10021211,$
d10076026,$
d4747919,$$ - $$$
d12332233,$$ - $$$
d12245002,$$ - $$$
d11918527,$$ - $$$
d5973370,$
d8488552,$$ - $$$
d11869434,$
d10003871,$$ - $$$
d8300641,$$ - $$$
d4768028,$$ - $$$
d8685099,$$ - $$$
d7990566,$
d4040162,$
d2010714,$$ - $$$
d11874621,$
d8372009,$
d8054870,$
d8454970,$$ - $$$
d13171768,$$ - $$$
d3967439,$
d7684475,$$ - $$$
d8760942,$
d6802647,$
d4041851,$
d10626635,$
d7318812,$
d7706883,$
d12029347,$
d3736188,$$ - $$$
d8791363,$
d6586465,$
d10552201,$$ - $$$
d5243130,$$ - $$$
d8070872,$$ - $$$
d12919833,$$ - $$$
d12112571,$
d5491178,$$ - $$$
d5122132,$$ - $$$
d4221277,$$ - $$$
d5923635,$$ - $$$
d12562856,$
d7885846,$$ - $$$
d10558815,$
d10782313,$$ - $$$
d10692233,$$ - $$$
d12705581,$
d12658732,$$ - $$$
d12897344,$$ - $$$
d5813359,$
d10591712,$
d11979798,$$ - $$$
d11913867,$$ - $$$
d9453954,$
d6909653,$
d12928932,$$ - $$$
d2068087,$$ - $$$
d9705189,$
d5823951,$$ - $$$
d4170508,$
d8787432,$
d4828936,$$ - $$$
d4358392,$$ - $$$
d7359789,$
d1028972,$$ - $$$
d12563320,$$ - $$$
d4815687,$$ - $$$
d8336164,$
d8297084,$
d8461757,$$ - $$$
d1024107,$$ - $$$
d10338706,$$ - $$$
d11788030,$$ - $$$
d10227937,$$ - $$$
d4053843,$
d7376300,$
d8705243,$$ - $$$
d8339700,$
d10129897,$$ - $$$
d8733119,$$ - $$$
d10597824,$$ - $$$
d6514663,$
d11982130,$$ - $$$
d5801020,$
d12636038,$
d945529,$
d5796101,$
d8613998,$
d12173413,$
d7911286,$$ - $$$
d6624082,$
d12950931,$
d695248,$$ - $$$
d5496480,$$ - $$$
d6940326,$$ - $$$
d10816328,$$ - $$$
d10171093,$$ - $$$
d10044675,$$ - $$$
d13206835,$
d12794736,$$ - $$$
d7226390,$
d6403820,$
d6687100,$$ - $$$
d5976574,$
d12847011,$$ - $$$
d12009782,$
d2093364,$$ - $$$
d12919216,$
d8841873,$
d7354156,$
d6413569,$
d10801516,$$ - $$$
d4501283,$
d11699519,$$ - $$$
d11966154,$
d7954277,$
d11899246,$$ - $$$
d954468,$
d6704592,$$ - $$$
d7992658,$
d12600268,$$ - $$$
d1125077,$$ - $$$
d9601208,$$ - $$$
d8389348,$$ - $$$
d10693216,$$ - $$$
d1019784,$$ - $$$
d7124118,$$ - $$$
d12559977,$$ - $$$
d13224786,$$ - $$$
d8019133,$$ - $$$
d13100274,$$ - $$$
d12188784,$
d7303776,$$ - $$$
d13312169,$
d11784868,$
d10894995,$
d7743552,$
d10748187,$
d5529014,$
d5513452,$
d4777699,$
d4768372,$$ - $$$
d13189243,$$$$
d8355870,$
d6637238,$
d4769512,$$ - $$$
d4794155,$$ - $$$
d7345568,$
d2552485,$
d4887848,$
d10260672,$
d12727036,$$ - $$$
d10248474,$
d8806196,$
d8659891,$
d3641135,$$ - $$$
d5509196,$$ - $$$
d12980019,$$ - $$$
d8336218,$
d8297517,$
d6466604,$
d8745736,$$ - $$$
d10276522,$$ - $$$
d11918828,$
d4910224,$$ - $$$
d11741725,$$ - $$$
d10373454,$$ - $$$
d5857437,$
d2095258,$$ - $$$
d5510259,$
d6636165,$$ - $$$
d7741611,$$ - $$$
d1038903,$$ - $$$
d13004193,$$ - $$$
d10177773,$$ - $$$
d13473338,$$ - $$$
d1896865,$
d1626719,$$ - $$$
d8742598,$$ - $$$
d9455431,$$ - $$$
d9770110,$
d11823818,$$ - $$$
d8540397,$$ - $$$
d7986118,$$ - $$$
d4308001,$$ - $$$
d5796131,$$ - $$$
d8342429,$$ - $$$
d8354044,$
d10836721,$
d6598382,$$ - $$$
d8460607,$$ - $$$
d11795160,$
d8609053,$
d12866345,$$ - $$$
d5795466,$$ - $$$
d5776077,$
d10556029,$
d6878612,$
d12857344,$
d10598394,$$ - $$$
d5244308,$$ - $$$
d12377551,$$ - $$$
d1336852,$
d7284414,$
d8319480,$$ - $$$
d1356012,$
d6508855,$
d12671329,$
d8681015,$
d6969703,$$ - $$$
d12059463,$$ - $$$
d10734085,$$ - $$$
d10335813,$$$$
d13129649,$$ - $$$
d6856035,$$ - $$$
d10048297,$
d10840706,$
d1908735,$$ - $$$
d12642744,$$ - $$$
d12943883,$$ - $$$
d9849178,$
d10750277,$
d8533990,$$ - $$$
d10520118,$
d12877197,$
d11868039,$$ - $$$
d12708901,$$ - $$$
d8088825,$$ - $$$
d3491429,$$ - $$$
d11718638,$
d7247526,$
d13128470,$$ - $$$
d8154675,$$ - $$$
d10465346,$$ - $$$
d8778937,$$ - $$$
d3580907,$$ - $$$
d10164344,$$ - $$$
d8586443,$$ - $$$
d7178186,$$ - $$$
d1079753,$$ - $$$
d8026726,$
d8009937,$
d3474539,$$$$
d7046001,$$ - $$$
d5865584,$
d4912336,$$ - $$$
d2161697,$$ - $$$
d4412282,$$ - $$$
d10785402,$
d5123017,$$ - $$$
d2375066,$
d11910683,$$ - $$$
d5604290,$
d7282758,$$ - $$$
d6703390,$$ - $$$
d9883811,$$ - $$$
d8519355,$
d12077739,$$ - $$$
d6704381,$$ - $$$
d12387110,$$ - $$$
d5890530,$
d10686066,$
d1343490,$
d8279360,$$ - $$$
d4945282,$$ - $$$
d5790786,$
d5854539,$$ - $$$
d6478573,$$ - $$$
d12067859,$$ - $$$
d10172242,$$ - $$$
d5122686,$
d12856591,$$ - $$$
d12868781,$
d6352254,$$ - $$$
d10714279,$$ - $$$
d7250321,$
d7994557,$
d12150854,$$ - $$$
d12921117,$$ - $$$
d5505722,$
d5851854,$$ - $$$
d12407721,$$ - $$$
d5527775,$$ - $$$
d10040996,$
d5793759,$
d8339687,$
d9456855,$
d12818359,$$ - $$$
d991205,$
d8736531,$
d10183879,$
d7910675,$
d12870847,$
d11679543,$
d12175056,$
d12952483,$
d4768437,$$ - $$$
d7185784,$
d11739543,$
d3692041,$$ - $$$
d10597083,$$ - $$$
d7734526,$$ - $$$
d715487,$$ - $$$
d8455008,$
d10815210,$$ - $$$
d5519173,$
d1367079,$$ - $$$
d10263302,$
d10279980,$
d12217591,$
d5027088,$
d7986933,$
d10626393,$
d9981954,$$ - $$$
d9808485,$
d8470903,$$ - $$$
d6762671,$$ - $$$
d7885929,$
d12895071,$$ - $$$
d6484995,$$ - $$$
d12614877,$
d10700914,$$ - $$$
d8702281,$
d7239610,$
d5864464,$
d12374306,$
d6894314,$$ - $$$
d1055199,$$ - $$$
d11722695,$
d10769196,$$ - $$$
d12338767,$
d4055435,$
d5606692,$$ - $$$
d8484623,$$ - $$$
d5506315,$$ - $$$
d7020398,$
d5796035,$
d8817842,$$ - $$$
d8766173,$$ - $$$
d7994605,$
d3343106,$$ - $$$
d12161927,$$ - $$$
d969171,$$ - $$$
d12195511,$
d12902630,$
d11643731,$
d6700348,$
d10661602,$$ - $$$
d6210796,$$ - $$$
d3975585,$
d1128218,$$ - $$$
d8424769,$$ - $$$
d12929861,$
d12596770,$$ - $$$
d8825227,$$ - $$$
d9858143,$
d4912406,$$ - $$$
d13183984,$$ - $$$
d10427232,$
d789034,$$ - $$$
d8759023,$
d8121729,$$ - $$$
d2093909,$$ - $$$
d12074668,$$ - $$$
d12709311,$$ - $$$
d7995766,$$ - $$$
d11908735,$$ - $$$
d12672043,$$ - $$$
d9710669,$
d1039250,$$ - $$$
d3577214,$$ - $$$
d10636576,$$ - $$$
d5871285,$$ - $$$
d5936485,$$ - $$$
d12594650,$$ - $$$
d9849824,$$ - $$$
d10464999,$
d11543677,$
d7594508,$
d10626880,$$ - $$$
d12331265,$$ - $$$
d12910902,$$ - $$$
d2226096,$$ - $$$
d8662722,$$ - $$$
d9553131,$
d9711446,$
d8684244,$
d5521876,$
d12636986,$$ - $$$
d1048327,$
d8048519,$$ - $$$
d3452260,$
d11660294,$$ - $$$
d5795235,$$ - $$$
d3864695,$
d10693822,$
d8664466,$
d8386058,$$ - $$$
d796903,$$ - $$$
d12709307,$$ - $$$
d4925884,$$ - $$$
d4752046,$$ - $$$
d5890482,$$ - $$$
d4550474,$$ - $$$
d2692165,$
d5953104,$$ - $$$
d12021020,$
d12951595,$$ - $$$
d8338269,$$ - $$$
d12324983,$$ - $$$
d9979910,$$ - $$$
d8421030,$$ - $$$
d9856280,$$ - $$$
d12787346,$$ - $$$
d5895096,$
d11872400,$
d12956686,$$ - $$$
d8809410,$$ - $$$
d3812933,$
d11717116,$
d9808537,$
d10955680,$$ - $$$
d6995252,$$ - $$$
d12322377,$
d11921785,$$ - $$$
d5773760,$$ - $$$
d10523634,$$ - $$$
d12535694,$$ - $$$
d8434911,$$ - $$$
d6180097,$
d8132624,$$ - $$$
d4767654,$$ - $$$
d5442944,$
d7123640,$$ - $$$
d5890682,$$ - $$$
d4461606,$$ - $$$
d12141580,$
d8412166,$
d9568003,$$ - $$$
d4770213,$
d10250682,$
d7991982,$$ - $$$
d10103140,$
d8571966,$
d12855748,$$ - $$$
d1035521,$
d3137150,$$ - $$$
d11911678,$
d12074729,$$ - $$$
d1389578,$$$$
d2080457,$
d12945000,$$ - $$$
d4912645,$
d2732864,$$ - $$$
d6673510,$$$$
d12690286,$$ - $$$
d8396917,$$ - $$$
d11530259,$$$$
d11445149,$$ - $$$
d3830825,$
d5486895,$
d8764521,$$ - $$$
d4104376,$$ - $$$
d11962765,$
d10172946,$$ - $$$
d10720251,$$ - $$$
d1337115,$
d12448512,$$ - $$$
d3638598,$$ - $$$
d10717093,$$$$
d1092432,$$ - $$$
d12252390,$$ - $$$
d12786898,$$ - $$$
d11867679,$$ - $$$
d1103553,$$ - $$$
d12950514,$$ - $$$
d12449571,$
d740041,$$ - $$$
d12150318,$
d10254296,$
d4495012,$$ - $$$
d8769459,$$$$
d5959831,$$ - $$$
d10056344,$$ - $$$
d7615497,$
d7109844,$
d8471710,$
d9744920,$$ - $$$
d13313752,$$$$
d12694064,$
d12322040,$$ - $$$
d12679665,$$ - $$$
d8683943,$
d1336734,$$ - $$$
d6494525,$$ - $$$
d12652276,$$ - $$$
d7382802,$
d5795086,$
d6426591,$$ - $$$
d12114022,$$ - $$$
d11881575,$$ - $$$
d7253576,$$$$
d5432656,$$ - $$$
d10820729,$$ - $$$
d8511849,$$ - $$$
d5887267,$$ - $$$
d4148638,$$ - $$$
d11711129,$$ - $$$
d4227730,$$ - $$$
d7792231,$
d7591537,$
d5894060,$
d12535586,$
d2478241,$$ - $$$
d10788056,$
d5849062,$
d3183997,$$ - $$$
d7910191,$
d8087827,$
d8860950,$$ - $$$
d5509365,$
d3138698,$$ - $$$
d2710779,$$ - $$$
d782423,$$ - $$$
d13277444,$$ - $$$
d5526542,$$ - $$$
d12697222,$
d8521924,$
d1080775,$$$$
d733520,$$ - $$$
d11871056,$$ - $$$
d12876491,$$ - $$$
d7368863,$
d1996650,$
d12175668,$
d12211865,$$ - $$$
d10631622,$
d4434980,$$ - $$$
d8370651,$
d8068552,$$ - $$$
d7791808,$$ - $$$
d7138800,$
d12557770,$
d13145316,$$$$
d5865646,$$ - $$$
d7360618,$$ - $$$
d1367074,$
d12243624,$$ - $$$
d8561373,$$ - $$$
d12826080,$$ - $$$
d11966514,$
d10805743,$
d6948145,$$ - $$$
d1235635,$$ - $$$
d8340828,$
d9743784,$$ - $$$
d8512936,$$ - $$$
d9604785,$$ - $$$
d3699241,$$ - $$$
d7905946,$$ - $$$
d2459299,$$ - $$$
d5015935,$
d5426824,$
d9745669,$$ - $$$
d4225715,$$ - $$$
d12800464,$
d4754821,$
d10788628,$$ - $$$
d997735,$
d5452873,$$ - $$$
d10516764,$$ - $$$
d10836022,$
d12898247,$$ - $$$
d8809313,$$ - $$$
d2365841,$$ - $$$
d12412039,$
d7207139,$$ - $$$
d7341883,$
d11902653,$$ - $$$
d4501864,$$ - $$$
d1039344,$$ - $$$
d8533299,$$ - $$$
d13140488,$$ - $$$
d13198239,$
d11502865,$$ - $$$
d8297228,$
d12147690,$$ - $$$
d13004820,$
d8749016,$$ - $$$
d11793908,$
d13112425,$$ - $$$
d997793,$
d8297560,$
d10794397,$
d8759997,$$ - $$$
d12188812,$
d8518306,$$ - $$$
d4771928,$
d12049156,$$ - $$$
d12883828,$$ - $$$
d10469895,$$ - $$$
d12338846,$
d11961973,$$ - $$$
d8865574,$
d10393650,$$ - $$$
d4768097,$
d6721857,$$ - $$$
d11845298,$$ - $$$
d3626515,$
d10063545,$$ - $$$
d11767830,$$ - $$$
d8701791,$
d8818074,$
d11256355,$$ - $$$
d12511852,$$ - $$$
d7818365,$$ - $$$
d10815682,$
d8381924,$
d10866278,$
d4767722,$$ - $$$
d5489054,$
d6897479,$
d697500,$
d12545691,$$ - $$$
d5864205,$$ - $$$
d5786792,$
d4768017,$$ - $$$
d12880685,$$ - $$$
d7701382,$$ - $$$
d8682325,$$ - $$$
d10223104,$$ - $$$
d6575613,$$ - $$$
d7393399,$
d11706297,$
d11665509,$$ - $$$
d10785980,$$ - $$$
d12937856,$$ - $$$
d12931093,$$ - $$$
d5959428,$
d8656712,$$ - $$$
d1331386,$$ - $$$
d8475310,$$ - $$$
d7803210,$$ - $$$
d12925533,$$ - $$$
d9582565,$$ - $$$
d9749057,$$ - $$$
d9729591,$$ - $$$
d7105053,$$ - $$$
d2623956,$$ - $$$
d5768624,$
d5081089,$
d1175861,$$ - $$$
d12500382,$$ - $$$
d12344202,$
d10444168,$
d12124682,$
d11679851,$$ - $$$
d8361784,$$ - $$$
d8572742,$
d13112328,$
d4769151,$$ - $$$
d9786777,$$ - $$$
d7716644,$$ - $$$
d10068657,$$ - $$$
d10682586,$$ - $$$
d11805155,$$ - $$$
d5482436,$$ - $$$
d5292578,$$ - $$$
d9715643,$
d10461603,$$ - $$$
d12677339,$$ - $$$
d12949085,$
d1408863,$$ - $$$
d3703217,$$ - $$$
d7020872,$
d8353459,$$ - $$$
d12356571,$$$$
d8487228,$
d10373909,$
d12434097,$
d9881565,$
d12851489,$$ - $$$
d3384693,$
d10757830,$
d12480574,$$ - $$$
d8338347,$
d8581460,$
d6109104,$
d8536580,$$ - $$$
d11621822,$$ - $$$
d3842063,$
d5518852,$
d12645274,$
d8811412,$
d4454551,$$ - $$$
d6432239,$$ - $$$
d4769756,$$ - $$$
d8856384,$$ - $$$
d13201843,$$ - $$$
d5813931,$$ - $$$
d13149876,$$ - $$$
d5859968,$$ - $$$
d7123740,$
d1332475,$$ - $$$
d10058217,$
d715013,$$ - $$$
d8339154,$
d10516740,$$ - $$$
d10106577,$$ - $$$
d10818704,$
d12213564,$$ - $$$
d4329160,$$ - $$$
d13322757,$$ - $$$
d11916506,$$ - $$$
d12661757,$$ - $$$
d9796584,$$ - $$$
d7276049,$$ - $$$
d7123623,$$ - $$$
d8431271,$
d4166865,$$ - $$$
d10147300,$
d5848674,$
d11947395,$$ - $$$
d4794288,$$ - $$$
d5505822,$$ - $$$
d10180789,$$ - $$$
d8809299,$$ - $$$
d5489016,$
d7014733,$$ - $$$
d10090769,$$ - $$$
d10041901,$$ - $$$
d7098595,$$ - $$$
d1023317,$$ - $$$
d5530895,$
d8420131,$$ - $$$
d10080643,$$ - $$$
d8553219,$
d8642135,$
d12592468,$
d11749954,$$ - $$$
d6414869,$
d12388725,$$ - $$$
d5795107,$
d9770859,$
d3527393,$$ - $$$
d10675829,$$ - $$$
d11677900,$
d7710843,$$ - $$$
d5580909,$$ - $$$
d10884217,$$ - $$$
d7304060,$
d12251504,$$ - $$$
d5823580,$
d7032444,$$ - $$$
d8297494,$
d8471643,$$ - $$$
d8129905,$
d13325344,$
d6654422,$
d11892814,$$ - $$$
d10678196,$
d6458681,$
d13307747,$$ - $$$
d5454164,$$ - $$$
d13009015,$$ - $$$
d12962657,$$ - $$$
d8338500,$$ - $$$
d8630139,$$ - $$$
d8094624,$
d7247241,$
d782392,$$$$
d12143376,$
d9752384,$
d11667021,$
d4012232,$$ - $$$
d7806999,$$ - $$$
d5770804,$$ - $$$
d8695085,$$ - $$$
d5220335,$$ - $$$
d5799857,$
d8856616,$$ - $$$
d12347302,$
d12460100,$$ - $$$
d12595084,$
d1038922,$
d11914393,$$ - $$$
d11740427,$
d11799254,$$ - $$$
d13198025,$
d9695209,$$ - $$$
d1059321,$$ - $$$
d8800060,$
d8757608,$
d8008221,$$ - $$$
d2153188,$
d7349868,$$ - $$$
d4545530,$
d5122262,$
d12357191,$$ - $$$
d5775854,$$ - $$$
d8438426,$
d5575295,$
d7316457,$
d8727668,$$ - $$$
d7886703,$$$$
d13139576,$$ - $$$
d12523744,$
d7276831,$$ - $$$
d3498687,$$ - $$$
d10451897,$$ - $$$
d8462386,$$ - $$$
d6591815,$$ - $$$
d9785222,$$ - $$$
d7950862,$
d7361795,$
d7060103,$$ - $$$
d12335576,$$ - $$$
d12713165,$
d10080181,$$ - $$$
d5959694,$
d6884319,$$ - $$$
d7746055,$$ - $$$
d10458514,$$ - $$$
d991599,$$ - $$$
d9791247,$$ - $$$
d12149470,$
d3808055,$
d8411260,$
d8429030,$
d944279,$$$$
d3491436,$$ - $$$
d5799885,$$ - $$$
d12164815,$
d1207089,$$ - $$$
d3911689,$
d5889182,$$ - $$$
d12571184,$$ - $$$
d4150456,$$ - $$$
d10878602,$
d3566884,$$ - $$$
d991051,$$ - $$$
d7304064,$$ - $$$
d5487017,$
d7372183,$
d7813913,$$ - $$$
d5869883,$$ - $$$
d991756,$$ - $$$
d8339591,$
d8472491,$
d3856305,$$ - $$$
d12254421,$$ - $$$
d5825951,$
d8487216,$
d11626532,$
d10079566,$$ - $$$
d12571620,$
d720137,$$ - $$$
d10044687,$
d8791280,$$ - $$$
d4923404,$
d13290215,$
d5859603,$$ - $$$
d1341391,$$ - $$$
d13007608,$$ - $$$
d4042488,$
d7133679,$$ - $$$
d7608418,$$ - $$$
d12242862,$$ - $$$
d10071725,$
d11853934,$$ - $$$
d10317515,$$ - $$$
d12676099,$
d7098139,$$ - $$$
d4769892,$
d8037572,$
d1119734,$$ - $$$
d5513932,$$ - $$$
d12181545,$$ - $$$
d10785685,$$ - $$$
d10192622,$$ - $$$
d6816766,$
d7933062,$
d2393744,$
d8418560,$$ - $$$
d12714194,$
d10050766,$
d9558608,$
d8339609,$
d10607499,$
d2447021,$$ - $$$
d8651305,$
d12248319,$$ - $$$
d8835639,$
d12480153,$
d10623662,$$ - $$$
d7230148,$$ - $$$
d8610211,$$ - $$$
d7355653,$$ - $$$
d8445055,$$ - $$$
d8546099,$
d12374539,$$ - $$$
d6557919,$$ - $$$
d11718827,$
d1013065,$
d2429100,$$ - $$$
d1942771,$$ - $$$
d5814976,$$ - $$$
d7278578,$
d10246928,$
d5444918,$$ - $$$
d8796047,$$ - $$$
d7607493,$$ - $$$
d10039347,$
d12571441,$$ - $$$
d6028787,$
d13198159,$$ - $$$
d3152104,$
d12831456,$$ - $$$
d7291598,$$ - $$$
d5122786,$
d8045202,$
d10063815,$$ - $$$
d12477034,$$ - $$$
d10661927,$$ - $$$
d5798320,$$ - $$$
d10160326,$$ - $$$
d11659115,$$ - $$$
d8492834,$
d8479737,$$ - $$$
d11686762,$$ - $$$
d1038899,$$ - $$$
d4465567,$
d1039353,$$ - $$$
d5521142,$
d11957861,$$ - $$$
d5518627,$$ - $$$
d5956559,$
d7645784,$$ - $$$
d8871051,$
d5804359,$
d11964498,$$ - $$$
d2153237,$
d9681937,$$ - $$$
d7812117,$
d7384393,$$ - $$$
d11426355,$$ - $$$
d7095245,$
d7174419,$
d5796089,$$ - $$$
d7987877,$
d11713919,$$ - $$$
d12403442,$
d12303478,$$ - $$$
d1039070,$$ - $$$
d5583362,$
d12900298,$$ - $$$
d10131145,$
d7695602,$$ - $$$
d12154776,$
d12610659,$
d9998177,$
d4754649,$
d9166693,$$ - $$$
d8384787,$$ - $$$
d1496260,$$ - $$$
d12708726,$$ - $$$
d12657759,$$ - $$$
d5501583,$$ - $$$
d5122164,$$ - $$$
d10467506,$$ - $$$
d10192027,$
d1347840,$$ - $$$
d4242103,$$ - $$$
d1128789,$
d6127086,$
d11593123,$$ - $$$
d12458928,$
d1340795,$
d2014210,$$ - $$$
d9977750,$
d1085697,$
d6416570,$
d12316320,$
d7811548,$
d12864798,$$ - $$$
d1044871,$$ - $$$
d7274396,$$ - $$$
d13289889,$$ - $$$
d6465566,$$ - $$$
d987893,$
d12599692,$$ - $$$
d4735919,$$ - $$$
d12728697,$$ - $$$
d4768521,$
d13224877,$$ - $$$
d7651472,$
d8842283,$$ - $$$
d10377114,$
d8493669,$$ - $$$
d9747270,$
d12770418,$
d10820783,$
d8732927,$
d12516716,$
d9826225,$$ - $$$
d13203528,$$ - $$$
d12820510,$
d8297532,$
d8629281,$
d12253903,$$ - $$$
d12717954,$$ - $$$
d8610008,$$ - $$$
d7228446,$$ - $$$
d1208938,$
d4132858,$$ - $$$
d4505956,$
d4074869,$
d5439847,$$ - $$$
d12339205,$$ - $$$
d12645968,$$ - $$$
d4353097,$
d12545462,$$ - $$$
d12004361,$$ - $$$
d4020882,$$ - $$$
d5800655,$$ - $$$
d5526177,$
d9732900,$
d10329534,$$ - $$$
d13220868,$$ - $$$
d10755742,$
d10671565,$$ - $$$
d7355680,$
d11890659,$$ - $$$
d12850736,$$ - $$$
d5795018,$
d10047799,$$ - $$$
d10801075,$$ - $$$
d10681024,$$ - $$$
d13082097,$
d10071789,$$ - $$$
d10796501,$
d13091113,$$ - $$$
d1356854,$
d6019948,$$ - $$$
d4472183,$
d7993931,$
d5551817,$
d8123089,$
d11687682,$$ - $$$
d13160451,$$$$
d3655485,$$ - $$$
d12525312,$
d10719140,$$ - $$$
d11626695,$$ - $$$
d9451474,$$ - $$$
d959072,$
d12611429,$$ - $$$
d5796037,$
d5864300,$
d2297207,$$ - $$$
d7622665,$$ - $$$
d8092509,$
d5862026,$$ - $$$
d4553162,$$ - $$$
d10025988,$$ - $$$
d12588458,$$ - $$$
d11752095,$$ - $$$
d6589729,$$ - $$$
d7738356,$
d12187535,$$ - $$$
d12519757,$
d12868254,$$ - $$$
d5972802,$$ - $$$
d12399262,$$ - $$$
d8561378,$
d7744963,$
d12503148,$$ - $$$
d3491528,$
d13198211,$
d5122142,$
d8520168,$
d7075621,$$ - $$$
d9853436,$$ - $$$
d6003252,$
d12967607,$
d11718900,$
d4782645,$$ - $$$
d7940014,$$ - $$$
d10052335,$$ - $$$
d4313033,$$ - $$$
d8048514,$$ - $$$
d2363707,$$ - $$$
d2512898,$$ - $$$
d2048531,$$ - $$$
d9742045,$$ - $$$
d10596864,$
d8786534,$
d5870084,$
d10731139,$$ - $$$
d11827955,$$ - $$$
d13122472,$$ - $$$
d12533640,$$ - $$$
d11858253,$$ - $$$
d7124306,$$ - $$$
d7716615,$
d1340207,$
d5819237,$
d8522635,$
d13197973,$$ - $$$
d8552517,$
d7992990,$$ - $$$
d11766672,$$ - $$$
d3802621,$
d7303094,$
d8055167,$$ - $$$
d7705250,$
d9714867,$
d12946166,$$ - $$$
d12435155,$$ - $$$
d12959950,$
d7124451,$$ - $$$
d5103773,$
d11776008,$
d13331672,$$ - $$$
d11924327,$
d6705984,$$ - $$$
d1024338,$$ - $$$
d8680423,$
d1340887,$$ - $$$
d12308533,$
d6698103,$$ - $$$
d7349934,$$ - $$$
d10813618,$$ - $$$
d12900577,$$ - $$$
d7997510,$$ - $$$
d13093488,$$ - $$$
d4197496,$$ - $$$
d10243910,$$ - $$$
d7906818,$$ - $$$
d2629102,$
d10792080,$$ - $$$
d13201110,$$ - $$$
d12207476,$
d1322585,$
d13183671,$$ - $$$
d10146537,$$ - $$$
d9796421,$$ - $$$
d12335061,$$ - $$$
d10147304,$$ - $$$
d12447935,$$ - $$$
d8514679,$$ - $$$
d8308656,$
d12857679,$
d3176737,$$ - $$$
d10831655,$$ - $$$
d7656183,$$ - $$$
d8398659,$$ - $$$
d10810513,$
d7260626,$$ - $$$
d13140505,$
d4801154,$$ - $$$
d5801085,$$ - $$$
d8297185,$
d12179082,$$ - $$$
d11929227,$$ - $$$
d8339599,$
d11932831,$
d9819269,$
d10248508,$$$$
d5795803,$$ - $$$
d8504441,$
d11999199,$
d11917405,$
d12514912,$
d4100696,$
d7106787,$$ - $$$
d5558314,$$ - $$$
d1977583,$$ - $$$
d9781456,$
d12593957,$$ - $$$
d5079290,$
d5609006,$$ - $$$
d12458176,$
d11966513,$$ - $$$
d4769868,$$ - $$$
d6988056,$$ - $$$
d10532509,$$ - $$$
