,id,Number of Reviews
0,d12845029,1.0
1,d10058810,
2,d8791087,1.0
3,d13197631,48.0
4,d12243659,1.0
5,d13284434,22.0
6,d12068247,
7,d2424319,1.0
8,d13139218,2.0
9,d7243246,
10,d8660001,2.0
11,d12572658,2.0
12,d4946996,1.0
13,d8339930,2.0
14,d12049003,1.0
15,d12384552,4.0
16,d10724032,1.0
17,d12114896,1.0
18,d5442851,3.0
19,d7996902,1.0
20,d1354477,1.0
21,d11958460,1.0
22,d12098434,2.0
23,d10079338,
24,d12842987,2.0
25,d13226281,3.0
26,d12229735,1.0
27,d1043805,2.0
28,d7246537,1.0
29,d12175079,1.0
30,d4173077,1.0
31,d7724601,1.0
32,d12875617,5.0
33,d12172734,2.0
34,d11543758,1.0
35,d3735823,1.0
36,d12322989,3.0
37,d4768291,3.0
38,d10587448,20.0
39,d12873448,6.0
40,d11861153,1.0
41,d8571233,3.0
42,d9752550,
43,d10818786,2.0
44,d7124393,1.0
45,d8602510,1.0
46,d11951673,23.0
47,d12404527,5.0
48,d7160467,1.0
49,d11812785,1.0
50,d11871901,2.0
51,d5583335,
52,d7787852,1.0
53,d10467094,3.0
54,d11950716,2.0
55,d12883544,11.0
56,d13206566,
57,d13153300,17.0
58,d7205059,6.0
59,d13152856,56.0
60,d6224819,1.0
61,d10524857,5.0
62,d7274076,1.0
63,d3367014,1.0
64,d10479056,
65,d12691511,3.0
66,d5862958,
67,d12395922,1.0
68,d7045726,1.0
69,d13125687,6.0
70,d5617497,1.0
71,d13284579,5.0
72,d12911571,
73,d5981992,0.0
74,d12408013,2.0
75,d13239000,21.0
76,d12567561,4.0
77,d7124407,1.0
78,d9740773,3.0
79,d717321,1.0
80,d8871731,1.0
81,d6380666,1.0
82,d10486190,
83,d13133990,14.0
84,d6986251,1.0
85,d7123548,1.0
86,d939738,1.0
87,d8333948,11.0
88,d10529250,2.0
89,d1044850,1.0
90,d12933690,11.0
91,d5122077,
92,d8339780,4.0
93,d10320753,1.0
94,d6107125,1.0
95,d12135807,1.0
96,d4769848,4.0
97,d11434812,6.0
98,d13002781,18.0
99,d12864876,17.0
100,d1320095,1.0
101,d11538645,
102,d4758586,2.0
103,d12351411,1.0
104,d997606,1.0
105,d12857123,4.0
106,d13135431,2.0
107,d13282850,
108,d11510425,3.0
109,d11829633,4.0
110,d1039258,1.0
111,d12421545,
112,d11771269,1.0
113,d7123406,1.0
114,d13130053,4.0
115,d2096383,1.0
116,d1356813,2.0
117,d10034211,4.0
118,d10049578,
119,d13129650,11.0
120,d12322543,
121,d13082910,39.0
122,d13288611,11.0
123,d12149655,1.0
124,d10032359,
125,d11500668,2.0
126,d4041933,1.0
127,d11719295,
128,d8279370,1.0
129,d6458692,1.0
130,d3791760,1.0
131,d10662137,3.0
132,d12946257,2.0
133,d13081831,17.0
134,d13117362,4.0
135,d12874574,
136,d8518295,
137,d12792802,2.0
138,d12554634,5.0
139,d13205446,4.0
140,d13421037,30.0
141,d1486745,1.0
142,d4084438,1.0
143,d8339618,1.0
144,d1103687,1.0
145,d12558178,
146,d4768775,1.0
147,d12832409,4.0
148,d7236057,2.0
149,d5816301,
150,d718042,1.0
151,d986430,1.0
152,d6999656,35.0
153,d10365832,2.0
154,d10470712,1.0
155,d4793252,1.0
156,d991499,2.0
157,d8385113,1.0
158,d8774827,1.0
159,d13189517,18.0
160,d12501561,3.0
161,d11712376,1.0
162,d4914376,3.0
163,d5243162,2.0
164,d5259633,1.0
165,d12959653,25.0
166,d1390604,
167,d13125943,3.0
168,d3200465,4.0
169,d13008535,1.0
170,d10347570,1.0
171,d13234497,11.0
172,d5936442,1.0
173,d13201288,58.0
174,d10517142,1.0
175,d8017741,1.0
176,d10019835,
177,d5955847,1.0
178,d7342196,1.0
179,d5795620,
180,d12242560,33.0
181,d8848749,1.0
182,d5794562,2.0
183,d12850963,
184,d13199889,67.0
185,d1234581,1.0
186,d697197,1.0
187,d1037140,4.0
188,d9882080,
189,d12431424,1.0
190,d718357,1.0
191,d1657483,1.0
192,d13126117,4.0
193,d12978805,2.0
194,d7123598,1.0
195,d12506505,
196,d12865525,
197,d12824847,2.0
198,d13172157,16.0
199,d3576247,1.0
200,d10584149,1.0
201,d8819098,2.0
202,d13274922,12.0
203,d9561885,
204,d4928913,2.0
205,d5972492,
206,d1195848,9.0
207,d12560018,1.0
208,d12557822,
209,d4221407,1.0
210,d3136268,1.0
211,d9824211,
212,d10266278,1.0
213,d9809593,1.0
214,d720646,2.0
215,d5959108,
216,d8261504,1.0
217,d12621405,8.0
218,d13197525,5.0
219,d7294241,1.0
220,d10071825,
221,d1571579,1.0
222,d10288999,1.0
223,d12625557,275.0
224,d13149351,
225,d4770140,1.0
226,d12731915,2.0
227,d7604228,1.0
228,d5794927,
229,d12716306,3.0
230,d9766113,
231,d8581485,2.0
232,d1185140,1.0
233,d8361333,
234,d10416601,1.0
235,d2085945,1.0
236,d1044344,2.0
237,d7597162,1.0
238,d7811215,1.0
239,d13129071,9.0
240,d13477951,1.0
241,d5816217,
242,d12438465,2.0
243,d5523143,1.0
244,d13195587,3.0
245,d11668002,4.0
246,d12210518,1.0
247,d12944013,5.0
248,d3439658,2.0
249,d12071777,1.0
250,d5489226,
251,d8610209,
252,d8130518,1.0
253,d8537733,1.0
254,d11737291,3.0
255,d5027108,1.0
256,d12867921,
257,d878295,
258,d12148796,
259,d8834124,1.0
260,d12926411,1.0
261,d13289876,2.0
262,d7897018,
263,d1093661,1.0
264,d12394472,
265,d13116812,1.0
266,d12388275,1.0
267,d12645762,2.0
268,d12362761,22.0
269,d2708688,1.0
270,d12551161,19.0
271,d12714398,12.0
272,d10458829,2.0
273,d7124148,1.0
274,d13298288,37.0
275,d10045197,2.0
276,d12949974,7.0
277,d7083435,1.0
278,d3568532,1.0
279,d12948479,
280,d12926349,116.0
281,d8051417,2.0
282,d12331315,8.0
283,d13115764,7.0
284,d12950426,345.0
285,d8873363,1.0
286,d3250778,1.0
287,d5079223,1.0
288,d9731847,2.0
289,d12718154,6.0
290,d8715608,1.0
291,d10804548,5.0
292,d5440386,
293,d12342225,1.0
294,d3163336,3.0
295,d6874868,
296,d10188263,3.0
297,d4523130,3.0
298,d12844056,7.0
299,d5795229,
300,d9730844,2.0
301,d4782938,1.0
302,d11895709,5.0
303,d4176712,1.0
304,d5220267,4.0
305,d7810324,1.0
306,d9821093,1.0
307,d7316049,1.0
308,d11918759,
309,d7154757,1.0
310,d5788938,9.0
311,d11827759,2.0
312,d10478201,1.0
313,d9729242,
314,d13283785,33.0
315,d7277869,1.0
316,d12822105,2.0
317,d6610712,1.0
318,d2717760,1.0
319,d6479082,1.0
320,d12938820,6.0
321,d1441087,1.0
322,d7123968,2.0
323,d12535806,124.0
324,d8339966,1.0
325,d2626097,1.0
326,d12571872,4.0
327,d1045067,1.0
328,d12859960,2.0
329,d10463660,1.0
330,d8126733,1.0
331,d4894368,1.0
332,d13189918,4.0
333,d12345338,1.0
334,d8059389,1.0
335,d13313019,13.0
336,d7124099,1.0
337,d11890774,1.0
338,d8642360,3.0
339,d8020108,1.0
340,d12866521,
341,d8537653,1.0
342,d11804604,3.0
343,d8795367,1.0
344,d6484155,1.0
345,d12801621,3.0
346,d12581319,
347,d4523210,2.0
348,d5243111,
349,d6618592,1.0
350,d5507497,
351,d8396334,
352,d12872056,3.0
353,d12674982,3.0
354,d13083533,8.0
355,d11953114,59.0
356,d10314483,8.0
357,d5489499,5.0
358,d12963001,40.0
359,d4869692,1.0
360,d8574615,
361,d7124004,1.0
362,d7148431,1.0
363,d1038835,
364,d10073799,2.0
365,d12281790,1.0
366,d1381569,1.0
367,d970070,1.0
368,d13296811,25.0
369,d10400824,2.0
370,d3929215,1.0
371,d12712244,3.0
372,d12809213,3.0
373,d8339754,1.0
374,d997608,
375,d4767800,1.0
376,d13307726,25.0
377,d9570812,2.0
378,d12415049,1.0
379,d7124403,2.0
380,d12353487,1.0
381,d12868561,6.0
382,d13296894,17.0
383,d4911290,
384,d5853771,
385,d1126334,1.0
386,d4769127,5.0
387,d12941805,3.0
388,d13090225,1.0
389,d6975911,1.0
390,d695169,1.0
391,d12438915,3.0
392,d12882182,7.0
393,d5037158,1.0
394,d11845274,1.0
395,d11905347,1.0
396,d2615209,1.0
397,d12691333,3.0
398,d8143844,2.0
399,d4768419,1.0
400,d12936857,20.0
401,d10782466,2.0
402,d13313742,664.0
403,d12259416,
404,d7274071,2.0
405,d9566719,1.0
406,d740562,1.0
407,d12794200,3.0
408,d12840183,29.0
409,d13087336,7.0
410,d12184436,1.0
411,d10119558,1.0
412,d10494780,5.0
413,d2403779,1.0
414,d11650771,261.0
415,d12086831,12.0
416,d10479257,2.0
417,d1044683,1.0
418,d11180137,1.0
419,d5122066,
420,d8336199,1.0
421,d1344567,6.0
422,d10227074,1.0
423,d1408643,1.0
424,d10031781,1.0
425,d997902,1.0
426,d7278591,2.0
427,d2333087,1.0
428,d12398758,2.0
429,d7755331,1.0
430,d5513568,3.0
431,d13323876,23.0
432,d12593503,4.0
433,d11815592,1.0
434,d10354535,1.0
435,d8773673,4.0
436,d8374350,
437,d12653872,
438,d12663216,1.0
439,d11807584,1.0
440,d12907038,2.0
441,d12243652,4.0
442,d10467852,34.0
443,d4295316,2.0
444,d13130305,2.0
445,d1346410,1.0
446,d12975733,53.0
447,d7177813,
448,d7704824,1.0
449,d12554985,2.0
450,d1520748,1.0
451,d6847457,1.0
452,d9807418,
453,d7646307,
454,d12170237,2.0
455,d12725106,3.0
456,d12459158,3.0
457,d1044859,1.0
458,d7009351,1.0
459,d12051419,1.0
460,d10036970,2.0
461,d12831436,1.0
462,d4191973,1.0
463,d2709308,
464,d12986583,1.0
465,d10613450,1.0
466,d5264393,
467,d11444223,4.0
468,d12511912,1.0
469,d7123300,1.0
470,d13222806,8.0
471,d13322773,9.0
472,d11891423,1.0
473,d12188872,1.0
474,d12595830,2.0
475,d4223621,1.0
476,d2303957,1.0
477,d12252151,
478,d9746329,4.0
479,d13138647,7.0
480,d12963283,5.0
481,d10686709,1.0
482,d10238246,1.0
483,d12207887,17.0
484,d1221241,1.0
485,d8499678,
486,d12901191,1.0
487,d2424335,1.0
488,d7246419,2.0
489,d5416433,2.0
490,d10121032,1.0
491,d5821532,1.0
492,d12681930,4.0
493,d12281218,1.0
494,d10595748,1.0
495,d10119696,1.0
496,d8286616,1.0
497,d12728587,18.0
498,d11749392,12.0
499,d697495,1.0
500,d13448920,11.0
501,d8618839,1.0
502,d12099522,142.0
503,d1336436,1.0
504,d12367943,1.0
505,d13172573,9.0
506,d12945767,2.0
507,d8341119,2.0
508,d11903301,
509,d12877045,1.0
510,d5864094,
511,d4567619,1.0
512,d10926213,3.0
513,d6654430,1.0
514,d5487305,
515,d2565207,1.0
516,d13002706,3.0
517,d1043452,1.0
518,d7257385,2.0
519,d7604609,3.0
520,d12323318,2.0
521,d5981454,
522,d953869,1.0
523,d964392,3.0
524,d4769835,2.0
525,d8356846,1.0
526,d12995124,1.0
527,d11701638,
528,d5823734,1.0
529,d10809300,1.0
530,d12856867,3.0
531,d12921238,1.0
532,d11672861,1.0
533,d11659486,1.0
534,d12403563,11.0
535,d12327525,6.0
536,d12484825,2.0
537,d12557369,5.0
538,d13140195,5.0
539,d2179931,1.0
540,d6408073,1.0
541,d11779008,2.0
542,d13001031,7.0
543,d12286589,2.0
544,d5793149,3.0
545,d12120952,1.0
546,d987862,1.0
547,d5977410,6.0
548,d7123807,1.0
549,d8339657,2.0
550,d11722642,1.0
551,d13128175,
552,d7002316,1.0
553,d12718013,15.0
554,d4769850,2.0
555,d2716915,1.0
556,d1418401,1.0
557,d4767695,1.0
558,d12951633,2.0
559,d12128375,
560,d12814397,8.0
561,d10257704,1.0
562,d10745091,1.0
563,d7381256,2.0
564,d8855240,1.0
565,d8066638,1.0
566,d5967142,1.0
567,d12863016,2.0
568,d13138355,69.0
569,d1044376,1.0
570,d12480641,3.0
571,d7365820,1.0
572,d13008769,10.0
573,d12944085,1.0
574,d13124268,32.0
575,d13168011,10.0
576,d959169,0.0
577,d1093698,1.0
578,d13137452,
579,d5928000,1.0
580,d9831596,5.0
581,d13134976,8.0
582,d9791609,
583,d10597222,3.0
584,d12333767,6.0
585,d13323033,9.0
586,d12173513,13.0
587,d12511265,4.0
588,d12115354,
589,d10044991,3.0
590,d9808238,
591,d11662075,
592,d11719480,
593,d2354931,1.0
594,d12924018,29.0
595,d12616105,1.0
596,d12829129,6.0
597,d12323149,3.0
598,d697439,1.0
599,d752024,1.0
600,d1437776,1.0
601,d12640836,6.0
602,d6892655,1.0
603,d10041704,
604,d3365247,1.0
605,d10746733,
606,d12621246,1.0
607,d2630257,1.0
608,d3842071,1.0
609,d12429488,4.0
610,d13118046,3.0
611,d10673544,3.0
612,d11535573,1.0
613,d12911510,1.0
614,d10781416,1.0
615,d12145665,2.0
616,d12430691,2.0
617,d7124051,2.0
618,d5808982,
619,d4138116,1.0
620,d11863669,2.0
621,d7314699,1.0
622,d7123983,1.0
623,d13110521,4.0
624,d9849074,1.0
625,d5603650,1.0
626,d8665899,
627,d12218015,2.0
628,d4221315,1.0
629,d694690,1.0
630,d5874770,2.0
631,d10763390,3.0
632,d12235014,5.0
633,d10520812,11.0
634,d12827306,8.0
635,d5509753,1.0
636,d10467233,
637,d1359321,1.0
638,d986484,1.0
639,d12629402,1.0
640,d12115169,6.0
641,d12448243,3.0
642,d13370579,7.0
643,d13325878,6.0
644,d13141931,7.0
645,d11805973,1.0
646,d10440503,2.0
647,d5825901,1.0
648,d13124587,9.0
649,d12200200,6.0
650,d10100590,
651,d12195321,4.0
652,d7934344,2.0
653,d7779011,1.0
654,d5313685,1.0
655,d12365788,1.0
656,d7375787,
657,d11903360,1.0
658,d10629933,3.0
659,d8506748,1.0
660,d3804383,
661,d12383658,
662,d12018135,1.0
663,d12596674,1.0
664,d8469748,
665,d5804248,
666,d1035132,1.0
667,d8339914,2.0
668,d12408653,
669,d4888776,1.0
670,d11667031,3.0
671,d4769994,2.0
672,d13073178,6.0
673,d10838686,1.0
674,d1747477,1.0
675,d10760483,1.0
676,d10335864,1.0
677,d12899302,1.0
678,d12590374,3.0
679,d12966411,41.0
680,d4259609,1.0
681,d8862199,2.0
682,d10123084,
683,d13236358,10.0
684,d11094480,1.0
685,d8463610,1.0
686,d10453899,1.0
687,d11677886,2.0
688,d5048802,1.0
689,d7303597,1.0
690,d13007626,1.0
691,d1346452,1.0
692,d10092998,1.0
693,d2307161,1.0
694,d4770041,1.0
695,d12644299,
696,d12437980,6.0
697,d10380024,
698,d13125675,9.0
699,d12029240,1.0
700,d981805,2.0
701,d7710502,
702,d5220238,
703,d945300,2.0
704,d5489021,
705,d12406954,1.0
706,d7096186,
707,d10643047,
708,d12682249,4.0
709,d10250645,1.0
710,d1051991,1.0
711,d11726692,1.0
712,d10729662,2.0
713,d13126274,6.0
714,d13196483,24.0
715,d1044884,1.0
716,d6920126,1.0
717,d1961665,1.0
718,d4769189,2.0
719,d13142340,10.0
720,d12705373,1.0
721,d12787416,3.0
722,d2514252,1.0
723,d12706207,80.0
724,d13128539,
725,d11878056,13.0
726,d11667056,1.0
727,d5949091,1.0
728,d12511809,1.0
729,d10247952,2.0
730,d10751007,2.0
731,d12357250,3.0
732,d5493285,1.0
733,d12462827,7.0
734,d12320797,4.0
735,d1344076,0.0
736,d13295128,150.0
737,d12320624,2.0
738,d7114413,1.0
739,d10353194,2.0
740,d12362311,8.0
741,d13313748,47.0
742,d11909286,
743,d12945716,2.0
744,d13153502,2.0
745,d12795805,
746,d11729216,2.0
747,d6614670,1.0
748,d13002809,1.0
749,d5851755,1.0
750,d8543091,3.0
751,d9848583,2.0
752,d3469308,1.0
753,d13222001,3.0
754,d716273,2.0
755,d12915944,2.0
756,d12956550,3.0
757,d10805589,5.0
758,d12946443,6.0
759,d5863923,2.0
760,d13284225,5.0
761,d4084875,1.0
762,d7112143,1.0
763,d12878787,1.0
764,d7319177,29.0
765,d7193135,1.0
766,d10766081,10.0
767,d8472692,
768,d5771798,2.0
769,d2061142,1.0
770,d5519160,1.0
771,d13171766,6.0
772,d12981885,8.0
773,d11659366,
774,d12653033,3.0
775,d13405584,6.0
776,d8606830,1.0
777,d5795647,
778,d8363899,1.0
779,d9585526,
780,d12436717,2.0
781,d1381384,1.0
782,d5817299,2.0
783,d7123545,
784,d12959772,1.0
785,d8807807,1.0
786,d13149199,23.0
787,d13135742,5.0
788,d5768344,
789,d7124048,2.0
790,d13292606,15.0
791,d11933039,219.0
792,d3374771,1.0
793,d10108860,1.0
794,d12694862,2.0
795,d10496201,2.0
796,d805474,3.0
797,d5121446,1.0
798,d10357129,2.0
799,d8338479,1.0
800,d8464894,1.0
801,d4352024,1.0
802,d9974974,1.0
803,d11916719,6.0
804,d12542786,1.0
805,d12158176,5.0
806,d12242272,3.0
807,d5509303,
808,d9766274,1.0
809,d9596611,1.0
810,d4453348,1.0
811,d7123241,1.0
812,d13323261,7.0
813,d8692585,
814,d1050549,3.0
815,d695131,1.0
816,d8682347,1.0
817,d7123253,
818,d11753783,1.0
819,d12336098,2.0
820,d12991592,2.0
821,d8341126,3.0
822,d3511763,4.0
823,d13136328,10.0
824,d13008588,5.0
825,d7755549,
826,d1967662,3.0
827,d13004913,25.0
828,d4519869,1.0
829,d5776220,
830,d1389472,2.0
831,d990772,1.0
832,d8768713,5.0
833,d10267135,1.0
834,d8460536,3.0
835,d997943,1.0
836,d12597937,1.0
837,d7653757,1.0
838,d11789075,3.0
839,d1335702,1.0
840,d4768953,0.0
841,d7123992,5.0
842,d12191998,4.0
843,d7124168,1.0
844,d12607828,1.0
845,d11916478,2.0
846,d12158032,9.0
847,d12858841,6.0
848,d7138244,1.0
849,d5981839,
850,d5270630,2.0
851,d13076814,7.0
852,d9790245,3.0
853,d4911420,3.0
854,d6353458,1.0
855,d10198118,2.0
856,d10538213,1.0
857,d12999419,15.0
858,d13417628,6.0
859,d5587738,1.0
860,d6886284,2.0
861,d2141891,1.0
862,d5965954,
863,d12123930,1.0
864,d10214438,1.0
865,d12950858,1.0
866,d8319843,
867,d3974453,1.0
868,d751627,0.0
869,d12692843,2.0
870,d8673906,3.0
871,d10498527,
872,d7021352,1.0
873,d4911023,2.0
874,d13200549,1.0
875,d13272833,1.0
876,d7298618,1.0
877,d12091192,1.0
878,d2705977,1.0
879,d13312967,65.0
880,d12112464,3.0
881,d7648873,1.0
882,d12926154,5.0
883,d13197442,27.0
884,d12611014,5.0
885,d13074167,1.0
886,d8665104,
887,d4226191,1.0
888,d7691348,1.0
889,d12165888,2.0
890,d4177590,2.0
891,d12458675,
892,d13219842,6.0
893,d10965926,
894,d7124224,1.0
895,d12859007,
896,d13076704,4.0
897,d9995787,1.0
898,d12947949,36.0
899,d5870519,
900,d2437362,1.0
901,d2262702,2.0
902,d945071,3.0
903,d11717682,3.0
904,d5523436,2.0
905,d7123994,1.0
906,d5823827,
907,d10416631,1.0
908,d12852541,6.0
909,d10243628,1.0
910,d12592916,377.0
911,d3974430,1.0
912,d12622341,6.0
913,d12161485,
914,d9730729,1.0
915,d10230549,1.0
916,d4732369,1.0
917,d8122532,3.0
918,d5866674,
919,d11280197,4.0
920,d12273789,6.0
921,d4506178,1.0
922,d12651842,6.0
923,d13138496,10.0
924,d7003998,1.0
925,d8037921,1.0
926,d5895382,2.0
927,d1335030,1.0
928,d10805400,8.0
929,d4924830,2.0
930,d10066656,1.0
931,d12612805,9.0
932,d9839698,2.0
933,d12421714,2.0
934,d733506,2.0
935,d2722135,
936,d13431184,3.0
937,d11768645,2.0
938,d3959657,0.0
939,d12551017,4.0
940,d11444722,1.0
941,d4833405,5.0
942,d8715545,4.0
943,d12438320,3.0
944,d10467092,1.0
945,d13154033,1.0
946,d11864713,6.0
947,d5822495,3.0
948,d753285,1.0
949,d13002134,6.0
950,d7690484,1.0
951,d12523673,9.0
952,d11621671,1.0
953,d1323406,1.0
954,d3295171,1.0
955,d12103854,3.0
956,d12955066,
957,d12141815,6.0
958,d9595693,1.0
959,d3258534,2.0
960,d13129631,1.0
961,d12219483,2.0
962,d12110249,4.0
963,d6556194,
964,d12316070,4.0
965,d5808934,
966,d13198135,27.0
967,d10058519,1.0
968,d5615803,2.0
969,d10537782,3.0
970,d6786766,6.0
971,d5511124,
972,d12478889,4.0
973,d12001755,6.0
974,d5518769,
975,d4769088,1.0
976,d6180189,1.0
977,d7124521,2.0
978,d5848182,
979,d5522937,1.0
980,d7315727,1.0
981,d13076167,1.0
982,d13072134,39.0
983,d12320440,1.0
984,d1504636,
985,d7278610,1.0
986,d8341288,2.0
987,d11854535,2.0
988,d10127178,1.0
989,d12975535,6.0
990,d4998099,3.0
991,d12829445,10.0
992,d13183971,25.0
993,d10834831,1.0
994,d12940437,3.0
995,d12977991,19.0
996,d5527449,2.0
997,d11624752,2.0
998,d12194732,4.0
999,d7133658,1.0
1000,d8339788,1.0
1001,d10161562,
1002,d4262853,1.0
1003,d8338577,1.0
1004,d4586815,1.0
1005,d12387279,91.0
1006,d12786386,4.0
1007,d9580170,1.0
1008,d12929682,7.0
1009,d12900993,3.0
1010,d5823986,1.0
1011,d13139834,
1012,d12542816,3.0
1013,d5796467,1.0
1014,d1111157,1.0
1015,d5966152,
1016,d6525570,1.0
1017,d6788113,1.0
1018,d5956749,3.0
1019,d12998325,12.0
1020,d4911406,
1021,d10716601,2.0
1022,d12712669,6.0
1023,d8673977,3.0
1024,d1403890,
1025,d11801708,14.0
1026,d991312,1.0
1027,d12632862,6.0
1028,d9722757,2.0
1029,d958963,1.0
1030,d12677184,
1031,d6846679,1.0
1032,d13288399,78.0
1033,d4723957,1.0
1034,d10027294,8.0
1035,d12922095,4.0
1036,d3169970,1.0
1037,d10831160,1.0
1038,d1331543,0.0
1039,d6510485,1.0
1040,d9814441,1.0
1041,d12861211,2.0
1042,d8811394,
1043,d12515485,1.0
1044,d1977833,
1045,d13302823,12.0
1046,d7123209,1.0
1047,d12356580,2.0
1048,d1323123,1.0
1049,d7021016,1.0
1050,d4802168,1.0
1051,d991656,1.0
1052,d8552416,1.0
1053,d2697780,1.0
1054,d5007171,1.0
1055,d8621252,
1056,d12849016,2.0
1057,d10132426,1.0
1058,d12632652,26.0
1059,d7342756,1.0
1060,d8686804,1.0
1061,d10301906,1.0
1062,d12655466,
1063,d7262216,14.0
1064,d4875887,1.0
1065,d13295201,2.0
1066,d1829030,1.0
1067,d8340826,1.0
1068,d12192128,13.0
1069,d12947402,11.0
1070,d10542709,1.0
1071,d11045408,1.0
1072,d11905158,2.0
1073,d8638476,
1074,d11785143,1.0
1075,d12476664,2.0
1076,d10354357,1.0
1077,d787818,1.0
1078,d4769952,1.0
1079,d8281800,2.0
1080,d10807908,1.0
1081,d7123480,1.0
1082,d13134185,34.0
1083,d11783417,0.0
1084,d10374164,1.0
1085,d12283455,1.0
1086,d5524012,
1087,d7124444,1.0
1088,d6506997,2.0
1089,d8380873,
1090,d3266139,
1091,d4769456,1.0
1092,d12999946,3.0
1093,d12010133,1.0
1094,d9453464,3.0
1095,d10815687,
1096,d9745904,3.0
1097,d11915795,
1098,d964383,1.0
1099,d5984683,
1100,d7124092,3.0
1101,d5616558,17.0
1102,d5785822,
1103,d8340159,4.0
1104,d3514427,1.0
1105,d12473849,4.0
1106,d12631537,7.0
1107,d8660552,
1108,d719135,1.0
1109,d12804740,14.0
1110,d11802014,
1111,d6601390,1.0
1112,d12632847,1.0
1113,d7110813,1.0
1114,d12686116,8.0
1115,d10506872,9.0
1116,d4767766,2.0
1117,d1035116,1.0
1118,d5851564,1.0
1119,d13147164,4.0
1120,d5878125,
1121,d753156,
1122,d4328803,1.0
1123,d6110037,1.0
1124,d10830640,
1125,d10170400,2.0
1126,d10153813,
1127,d5794546,1.0
1128,d12225305,1.0
1129,d12543272,3.0
1130,d12801498,2.0
1131,d10027139,1.0
1132,d4768616,1.0
1133,d5799840,
1134,d13291104,3.0
1135,d13227835,109.0
1136,d13075250,2.0
1137,d11996108,1.0
1138,d783229,3.0
1139,d12805951,
1140,d5505626,1.0
1141,d9836714,1.0
1142,d11822912,1.0
1143,d7031910,2.0
1144,d8600524,2.0
1145,d13186462,3.0
1146,d9989990,1.0
1147,d7123989,1.0
1148,d3354475,1.0
1149,d13130630,21.0
1150,d13503746,1.0
1151,d12326504,1.0
1152,d12556171,1.0
1153,d6757866,1.0
1154,d5122227,
1155,d10297991,2.0
1156,d12674946,1.0
1157,d11868237,1.0
1158,d12879374,8.0
1159,d12998979,7.0
1160,d4589830,1.0
1161,d12867101,1.0
1162,d10962087,9.0
1163,d10783904,3.0
1164,d12954408,9.0
1165,d12495891,3.0
1166,d2243373,1.0
1167,d730158,1.0
1168,d12626584,2.0
1169,d11621028,1.0
1170,d12221763,1.0
1171,d8074379,1.0
1172,d12143734,1.0
1173,d10784394,2.0
1174,d7274394,1.0
1175,d8438032,70.0
1176,d991085,1.0
1177,d11489110,1.0
1178,d5795555,2.0
1179,d3264639,1.0
1180,d10673098,1.0
1181,d1081665,1.0
1182,d12667739,4.0
1183,d10302223,1.0
1184,d11949500,1.0
1185,d7123865,3.0
1186,d11664126,3.0
1187,d8432775,1.0
1188,d11534991,3.0
1189,d6385546,1.0
1190,d1330657,1.0
1191,d7124216,1.0
1192,d11981372,1.0
1193,d988032,1.0
1194,d11331369,2.0
1195,d10056434,6.0
1196,d5103766,1.0
1197,d11236008,7.0
1198,d7685971,2.0
1199,d13289856,
1200,d5870862,2.0
1201,d10460852,1.0
1202,d5861809,1.0
1203,d12622144,5.0
1204,d6840799,0.0
1205,d742381,1.0
1206,d12945633,4.0
1207,d2141180,2.0
1208,d12343070,3.0
1209,d896961,1.0
1210,d12503403,6.0
1211,d5501232,1.0
1212,d11641294,1.0
1213,d7789644,2.0
1214,d1324361,1.0
1215,d1423496,1.0
1216,d10247976,6.0
1217,d10840231,4.0
1218,d4755648,1.0
1219,d12012803,1.0
1220,d5617414,
1221,d1152116,1.0
1222,d10746617,1.0
1223,d1018490,2.0
1224,d13137946,23.0
1225,d8374201,0.0
1226,d12614060,6.0
1227,d694495,1.0
1228,d7253712,1.0
1229,d10254240,1.0
1230,d11959983,1.0
1231,d13187320,5.0
1232,d5243286,2.0
1233,d5122170,1.0
1234,d13283799,9.0
1235,d8482458,1.0
1236,d4783400,1.0
1237,d1328889,1.0
1238,d2428921,1.0
1239,d4581860,1.0
1240,d11822115,2.0
1241,d12941561,1.0
1242,d5958006,1.0
1243,d8460531,3.0
1244,d10338097,3.0
1245,d12212430,2.0
1246,d5487276,3.0
1247,d10832441,
1248,d12871470,5.0
1249,d5817006,2.0
1250,d5487494,
1251,d13373138,104.0
1252,d10252532,1.0
1253,d13481992,10.0
1254,d12353342,5.0
1255,d5326187,4.0
1256,d5768846,3.0
1257,d5827146,2.0
1258,d8811794,
1259,d8736862,1.0
1260,d12848114,2.0
1261,d6716427,1.0
1262,d954447,1.0
1263,d11711213,4.0
1264,d11953811,86.0
1265,d4104821,1.0
1266,d8844334,2.0
1267,d5823550,
1268,d12814073,6.0
1269,d13196377,50.0
1270,d13316524,37.0
1271,d12944877,12.0
1272,d1216006,1.0
1273,d12152093,6.0
1274,d13295123,33.0
1275,d719802,2.0
1276,d13000895,1.0
1277,d12811450,3.0
1278,d11887540,1.0
1279,d6558095,1.0
1280,d13239532,7.0
1281,d12899021,3.0
1282,d12950184,4.0
1283,d5776508,2.0
1284,d12484546,1.0
1285,d4050485,9.0
1286,d4148790,1.0
1287,d4925397,
1288,d10025976,1.0
1289,d12662545,
1290,d11619603,2.0
1291,d740168,2.0
1292,d11909228,
1293,d7999004,4.0
1294,d7124482,2.0
1295,d5793552,
1296,d13421072,4.0
1297,d5609015,2.0
1298,d12711932,4.0
1299,d12095037,
1300,d5814866,3.0
1301,d5616126,
1302,d12143981,4.0
1303,d5122055,
1304,d4043779,1.0
1305,d11896158,
1306,d13154458,1.0
1307,d10795652,2.0
1308,d12321597,2.0
1309,d12861342,2.0
1310,d946740,3.0
1311,d10151309,3.0
1312,d5247599,1.0
1313,d753452,1.0
1314,d10729053,1.0
1315,d9978314,1.0
1316,d11932473,4.0
1317,d11705249,3.0
1318,d10364862,4.0
1319,d10050679,1.0
1320,d5646702,
1321,d12655941,1.0
1322,d3721673,1.0
1323,d12716346,4.0
1324,d6022580,2.0
1325,d9729069,2.0
1326,d12946237,9.0
1327,d10948259,
1328,d8494036,1.0
1329,d10763125,3.0
1330,d4723580,1.0
1331,d3524644,1.0
1332,d8154190,1.0
1333,d8765683,1.0
1334,d6405048,1.0
1335,d12535596,10.0
1336,d8380890,2.0
1337,d10158548,1.0
1338,d12932686,2.0
1339,d3695854,1.0
1340,d5851549,1.0
1341,d8633173,1.0
1342,d10480552,
1343,d13219471,11.0
1344,d991134,1.0
1345,d3859890,1.0
1346,d12945924,160.0
1347,d1043860,7.0
1348,d11739342,5.0
1349,d10211859,1.0
1350,d13094735,12.0
1351,d13198034,3.0
1352,d12992754,
1353,d12925194,4.0
1354,d1093033,
1355,d3953017,1.0
1356,d12331250,1.0
1357,d7124150,0.0
1358,d7713871,1.0
1359,d12882677,6.0
1360,d10617521,2.0
1361,d13111916,1.0
1362,d5518843,
1363,d12234830,22.0
1364,d12227911,3.0
1365,d13320816,11.0
1366,d5812335,4.0
1367,d4925580,
1368,d1035321,1.0
1369,d13138821,18.0
1370,d2615542,3.0
1371,d5799795,
1372,d10467138,2.0
1373,d1035339,1.0
1374,d4563690,1.0
1375,d13220144,6.0
1376,d5790321,1.0
1377,d10878576,9.0
1378,d10874795,1.0
1379,d13094987,5.0
1380,d13168333,153.0
1381,d12396410,2.0
1382,d1184234,1.0
1383,d4148444,1.0
1384,d5260140,1.0
1385,d7271978,2.0
1386,d10261546,1.0
1387,d7124269,1.0
1388,d11955490,2.0
1389,d10789547,1.0
1390,d11808139,4.0
1391,d1043426,1.0
1392,d12015306,13.0
1393,d4823751,1.0
1394,d3645177,0.0
1395,d10818106,
1396,d12924358,4.0
1397,d1035119,0.0
1398,d807728,1.0
1399,d8333877,1.0
1400,d4912273,
1401,d12588631,3.0
1402,d5864007,1.0
1403,d8339828,2.0
1404,d11927814,
1405,d13323744,5.0
1406,d4767875,1.0
1407,d12558218,2.0
1408,d5506953,1.0
1409,d12276854,
1410,d12817571,21.0
1411,d12043663,5.0
1412,d12893108,1.0
1413,d10460928,
1414,d10813800,
1415,d12247125,25.0
1416,d4924950,3.0
1417,d12703747,5.0
1418,d12875825,10.0
1419,d5852490,3.0
1420,d5600142,3.0
1421,d12360172,3.0
1422,d12360812,3.0
1423,d7778326,1.0
1424,d6452953,2.0
1425,d12439175,5.0
1426,d4354852,1.0
1427,d1356203,1.0
1428,d12794032,2.0
1429,d7706329,1.0
1430,d11305968,1.0
1431,d12361770,7.0
1432,d5220218,4.0
1433,d11910487,1.0
1434,d5886085,1.0
1435,d5965945,
1436,d10543288,
1437,d12873363,2.0
1438,d4163838,1.0
1439,d12407008,7.0
1440,d1044693,1.0
1441,d12459712,3.0
1442,d4082366,0.0
1443,d11802335,1.0
1444,d12484619,3.0
1445,d5487087,2.0
1446,d9459226,1.0
1447,d9700155,1.0
1448,d12502443,
1449,d11759466,1.0
1450,d12788091,
1451,d10459894,1.0
1452,d8040778,1.0
1453,d5977127,
1454,d7906576,
1455,d8366551,1.0
1456,d12322249,5.0
1457,d10789325,1.0
1458,d2569745,1.0
1459,d5966205,1.0
1460,d3703031,1.0
1461,d12843304,2.0
1462,d3562694,1.0
1463,d718141,1.0
1464,d4768229,2.0
1465,d7274046,3.0
1466,d12184090,1.0
1467,d8581478,1.0
1468,d4139530,1.0
1469,d13294491,110.0
1470,d8726179,3.0
1471,d12900540,
1472,d5285770,1.0
1473,d7315051,
1474,d4770063,1.0
1475,d12616118,7.0
1476,d4924028,2.0
1477,d12654085,
1478,d10675809,8.0
1479,d13140520,1.0
1480,d8768265,2.0
1481,d12716391,2.0
1482,d12322934,2.0
1483,d11956001,3.0
1484,d12653008,2.0
1485,d5518528,6.0
1486,d3682215,4.0
1487,d1389703,1.0
1488,d4769799,1.0
1489,d2614499,1.0
1490,d10229836,2.0
1491,d5519956,
1492,d13382231,1.0
1493,d12666409,2.0
1494,d7098136,1.0
1495,d10129421,2.0
1496,d8602873,1.0
1497,d12477194,5.0
1498,d8645941,1.0
1499,d3440658,1.0
1500,d12908464,19.0
1501,d5542177,3.0
1502,d13199355,7.0
1503,d13221327,3.0
1504,d10901158,5.0
1505,d7211116,4.0
1506,d12794670,4.0
1507,d8341386,1.0
1508,d7942285,
1509,d4844397,1.0
1510,d12321104,10.0
1511,d12524614,4.0
1512,d5981269,
1513,d11716788,3.0
1514,d12994513,26.0
1515,d8368897,1.0
1516,d3640273,1.0
1517,d10164114,
1518,d12903363,1.0
1519,d10341702,1.0
1520,d7993666,
1521,d12725263,5.0
1522,d986415,1.0
1523,d7778457,1.0
1524,d8471317,2.0
1525,d13116481,2.0
1526,d12267836,1.0
1527,d11802029,3.0
1528,d7604639,1.0
1529,d5609053,
1530,d5220177,
1531,d12358681,13.0
1532,d6224318,1.0
1533,d10373462,5.0
1534,d8614707,2.0
1535,d6966876,2.0
1536,d12708096,31.0
1537,d9752090,1.0
1538,d10172709,4.0
1539,d13275113,4.0
1540,d11911978,5.0
1541,d13227872,3.0
1542,d12136417,
1543,d12992748,9.0
1544,d10746833,1.0
1545,d5956501,
1546,d12665982,8.0
1547,d4770182,1.0
1548,d5987965,
1549,d12029058,1.0
1550,d12079908,7.0
1551,d8672442,4.0
1552,d5800746,
1553,d12946349,1.0
1554,d986416,1.0
1555,d801050,1.0
1556,d10305224,1.0
1557,d13170374,9.0
1558,d5523470,1.0
1559,d7599778,1.0
1560,d12632861,3.0
1561,d10667241,1.0
1562,d810086,3.0
1563,d8751574,
1564,d12492132,89.0
1565,d4150098,1.0
1566,d1341340,2.0
1567,d13000302,8.0
1568,d7124447,1.0
1569,d6482168,1.0
1570,d11809014,2.0
1571,d12914836,6.0
1572,d10456426,
1573,d3680629,1.0
1574,d13200350,3.0
1575,d12378267,1.0
1576,d8065349,1.0
1577,d11828761,3.0
1578,d12936715,12.0
1579,d11857377,2.0
1580,d10686601,4.0
1581,d1062383,1.0
1582,d7990861,3.0
1583,d5487212,1.0
1584,d4082285,1.0
1585,d8737537,1.0
1586,d4770161,
1587,d9718684,2.0
1588,d12950404,3.0
1589,d6784109,
1590,d718284,1.0
1591,d10194262,1.0
1592,d10042413,
1593,d12090531,1.0
1594,d7819987,1.0
1595,d9561755,4.0
1596,d12332916,19.0
1597,d7799870,1.0
1598,d12864736,3.0
1599,d12712237,5.0
1600,d12062083,7.0
1601,d1043391,1.0
1602,d3525392,1.0
1603,d9596193,1.0
1604,d13150160,4.0
1605,d10202388,1.0
1606,d1324495,1.0
1607,d12187488,4.0
1608,d12367784,8.0
1609,d10509697,3.0
1610,d12192143,1.0
1611,d13076032,1.0
1612,d1034646,1.0
1613,d7251286,
1614,d5609153,
1615,d4925425,
1616,d2011682,1.0
1617,d12922003,12.0
1618,d10547346,52.0
1619,d13187843,15.0
1620,d8338688,0.0
1621,d7660750,1.0
1622,d12903253,7.0
1623,d12899531,4.0
1624,d7806860,1.0
1625,d7902946,
1626,d5520987,1.0
1627,d8762922,15.0
1628,d8619243,5.0
1629,d7706919,1.0
1630,d7792232,1.0
1631,d1014035,1.0
1632,d12301154,83.0
1633,d10883994,2.0
1634,d4769815,3.0
1635,d1044115,1.0
1636,d4770123,1.0
1637,d10836656,
1638,d7123206,1.0
1639,d12840888,3.0
1640,d12718161,12.0
1641,d12988297,6.0
1642,d7124282,1.0
1643,d11916527,19.0
1644,d2181493,1.0
1645,d720554,1.0
1646,d11688167,
1647,d12799981,10.0
1648,d5016395,1.0
1649,d13330252,1.0
1650,d10425543,1.0
1651,d11931353,1.0
1652,d11933105,
1653,d7214111,
1654,d9846354,5.0
1655,d12999410,6.0
1656,d813998,1.0
1657,d12480147,6.0
1658,d12940168,16.0
1659,d10491948,1.0
1660,d4604132,1.0
1661,d13116870,1.0
1662,d13156718,5.0
1663,d13323452,19.0
1664,d7124084,1.0
1665,d10353403,2.0
1666,d2524716,1.0
1667,d12320863,1.0
1668,d12969140,1.0
1669,d12171526,
1670,d12725758,2.0
1671,d5824683,
1672,d12321261,2.0
1673,d4793289,1.0
1674,d12523722,4.0
1675,d11637313,3.0
1676,d13010268,35.0
1677,d12331907,1.0
1678,d10347318,
1679,d13129440,75.0
1680,d10818781,2.0
1681,d12922191,15.0
1682,d13124708,88.0
1683,d9768658,1.0
1684,d13283517,2.0
1685,d5976435,2.0
1686,d10352428,2.0
1687,d11707917,1.0
1688,d11909308,4.0
1689,d1044487,1.0
1690,d10763041,3.0
1691,d7285453,1.0
1692,d13195842,1.0
1693,d12128050,1.0
1694,d5960726,1.0
1695,d12207211,3.0
1696,d7123315,2.0
1697,d10620526,1.0
1698,d4924859,3.0
1699,d5772879,
1700,d12690988,1.0
1701,d13236837,2.0
1702,d11800123,
1703,d12947271,8.0
1704,d5449144,1.0
1705,d8139050,1.0
1706,d12682405,1.0
1707,d1204139,1.0
1708,d11916033,2.0
1709,d8461858,4.0
1710,d5884411,
1711,d6623430,2.0
1712,d743434,1.0
1713,d12320523,1.0
1714,d13418128,16.0
1715,d12556899,
1716,d7260354,1.0
1717,d2660122,2.0
1718,d12882922,
1719,d12827824,11.0
1720,d10624432,1.0
1721,d5327378,1.0
1722,d12269581,2.0
1723,d13088142,3.0
1724,d731913,1.0
1725,d5487099,1.0
1726,d12866425,0.0
1727,d13164271,
1728,d12730923,2.0
1729,d10205607,1.0
1730,d11872877,1.0
1731,d990826,1.0
1732,d12542756,8.0
1733,d10292298,6.0
1734,d12575347,1.0
1735,d5981359,
1736,d775324,1.0
1737,d5486305,1.0
1738,d1092696,1.0
1739,d7932605,1.0
1740,d10335797,1.0
1741,d8138537,1.0
1742,d10309121,3.0
1743,d10819872,1.0
1744,d3543463,1.0
1745,d4555128,2.0
1746,d3199762,1.0
1747,d13307636,13.0
1748,d9585261,1.0
1749,d2514039,1.0
1750,d13120933,11.0
1751,d12866419,0.0
1752,d5607454,10.0
1753,d8684717,7.0
1754,d12825960,8.0
1755,d13298082,5.0
1756,d5260522,1.0
1757,d7624276,1.0
1758,d6109156,1.0
1759,d10027024,
1760,d10167781,1.0
1761,d10522262,3.0
1762,d5822036,
1763,d1323404,1.0
1764,d6211432,1.0
1765,d11891355,1.0
1766,d11860019,1.0
1767,d3649034,1.0
1768,d12511629,2.0
1769,d12509597,
1770,d13197586,9.0
1771,d12369090,11.0
1772,d12969456,63.0
1773,d8812909,1.0
1774,d13237265,124.0
1775,d5869972,
1776,d12682765,1.0
1777,d12919466,34.0
1778,d3235738,1.0
1779,d7171730,
1780,d3847920,1.0
1781,d11994418,6.0
1782,d12989277,7.0
1783,d12670403,8.0
1784,d5818673,
1785,d740221,1.0
1786,d5122740,1.0
1787,d11997673,5.0
1788,d10033274,1.0
1789,d7714322,1.0
1790,d12594006,3.0
1791,d8019062,1.0
1792,d7691371,1.0
1793,d9746758,1.0
1794,d7677945,1.0
1795,d3970480,4.0
1796,d10511790,1.0
1797,d12925825,2.0
1798,d13341137,3.0
1799,d13320037,6.0
1800,d11724732,6.0
1801,d13171763,9.0
1802,d12596349,6.0
1803,d4149825,1.0
1804,d12872693,7.0
1805,d9730692,1.0
1806,d13293560,21.0
1807,d5864138,2.0
1808,d12603591,1.0
1809,d13007244,1.0
1810,d12556871,
1811,d12982760,
1812,d11629708,4.0
1813,d4793477,1.0
1814,d12276417,5.0
1815,d4802075,1.0
1816,d12979482,1.0
1817,d5603239,5.0
1818,d10779161,3.0
1819,d12963527,7.0
1820,d12841375,1.0
1821,d8581449,1.0
1822,d11621192,2.0
1823,d9726428,1.0
1824,d10348400,
1825,d12950745,5.0
1826,d2012255,1.0
1827,d11814231,
1828,d987833,1.0
1829,d11860832,1.0
1830,d1343445,1.0
1831,d8790983,
1832,d5977039,1.0
1833,d694430,1.0
1834,d12865928,3.0
1835,d12946158,1.0
1836,d10505509,1.0
1837,d13286191,75.0
1838,d6610608,1.0
1839,d5220228,1.0
1840,d12882466,2.0
1841,d12842994,2.0
1842,d7306119,1.0
1843,d8429034,
1844,d12925683,3.0
1845,d13132392,5.0
1846,d8727194,3.0
1847,d10733907,1.0
1848,d12515587,
1849,d11793427,1.0
1850,d13392707,
1851,d7060772,1.0
1852,d12386328,1.0
1853,d12711190,1.0
1854,d7713936,1.0
1855,d8354043,
1856,d9776759,
1857,d11767612,
1858,d1335659,1.0
1859,d12389547,1.0
1860,d5824261,9.0
1861,d13108357,4.0
1862,d13506993,16.0
1863,d3821682,1.0
1864,d6890082,4.0
1865,d4269349,
1866,d12831572,2.0
1867,d8807347,
1868,d12807643,4.0
1869,d5414926,2.0
1870,d12844146,7.0
1871,d9767595,1.0
1872,d13237797,5.0
1873,d12526149,
1874,d13307450,10.0
1875,d10487971,2.0
1876,d10833978,2.0
1877,d12450497,2.0
1878,d12257746,1.0
1879,d13162263,1.0
1880,d3442655,1.0
1881,d7123564,1.0
1882,d7123696,1.0
1883,d12120287,3.0
1884,d7246438,2.0
1885,d13139838,14.0
1886,d12029451,2.0
1887,d964501,1.0
1888,d13129944,18.0
1889,d12517861,4.0
1890,d12949527,4.0
1891,d11869279,2.0
1892,d12128270,2.0
1893,d695146,1.0
1894,d10077708,
1895,d13125118,8.0
1896,d12208953,
1897,d9729939,1.0
1898,d742687,1.0
1899,d12994294,
1900,d2708995,1.0
1901,d991628,1.0
1902,d10201979,2.0
1903,d13295116,1.0
1904,d12323267,
1905,d5494183,1.0
1906,d5525540,1.0
1907,d12957841,6.0
1908,d9788488,2.0
1909,d13199409,4.0
1910,d5959868,1.0
1911,d13023866,19.0
1912,d10003108,
1913,d11671091,3.0
1914,d4778073,
1915,d7815272,
1916,d5770013,
1917,d13187514,4.0
1918,d11925562,1.0
1919,d10778626,1.0
1920,d5816855,1.0
1921,d10071176,2.0
1922,d13164764,9.0
1923,d10554458,6.0
1924,d11825035,52.0
1925,d12669552,1.0
1926,d12911423,2.0
1927,d3576260,1.0
1928,d13094943,
1929,d8449603,1.0
1930,d10618912,4.0
1931,d12947060,29.0
1932,d12632164,6.0
1933,d8490027,1.0
1934,d8828438,1.0
1935,d879379,1.0
1936,d7345199,1.0
1937,d3535941,1.0
1938,d7342569,1.0
1939,d5523421,1.0
1940,d12111087,4.0
1941,d12962892,2.0
1942,d7976846,1.0
1943,d1044266,1.0
1944,d12802661,3.0
1945,d12362916,1.0
1946,d12874956,9.0
1947,d5853093,
1948,d3956689,1.0
1949,d777517,1.0
1950,d7894408,5.0
1951,d1081756,1.0
1952,d13121923,3.0
1953,d5507229,
1954,d13206499,4.0
1955,d13200203,4.0
1956,d12340677,
1957,d11741872,
1958,d12827433,1.0
1959,d5980445,1.0
1960,d7626464,1.0
1961,d5122717,
1962,d4768212,1.0
1963,d9823373,
1964,d11863778,5.0
1965,d11841903,7.0
1966,d13200450,4.0
1967,d12883439,1.0
1968,d12903965,3.0
1969,d8841968,4.0
1970,d12246247,13.0
1971,d9604677,2.0
1972,d11651830,1.0
1973,d12946086,
1974,d13298844,17.0
1975,d12826225,1.0
1976,d3598499,1.0
1977,d12320180,4.0
1978,d12336951,
1979,d2517894,2.0
1980,d1044100,1.0
1981,d5828805,
1982,d12976363,20.0
1983,d10319803,2.0
1984,d12533808,4.0
1985,d8763528,1.0
1986,d7279200,1.0
1987,d7887289,2.0
1988,d9562457,1.0
1989,d10026656,1.0
1990,d12952495,8.0
1991,d11538644,1.0
1992,d13202060,2.0
1993,d10733092,5.0
1994,d12936195,2.0
1995,d2084899,3.0
1996,d13001052,12.0
1997,d12156192,1.0
1998,d8338619,2.0
1999,d10624285,5.0
2000,d7171660,1.0
2001,d4268632,1.0
2002,d7591721,1.0
2003,d13220030,4.0
2004,d12788115,3.0
2005,d13232007,3.0
2006,d13415332,2.0
2007,d7277870,1.0
2008,d10713299,9.0
2009,d5791721,3.0
2010,d12411211,20.0
2011,d3975204,1.0
2012,d12081488,2.0
2013,d10396602,2.0
2014,d5487134,2.0
2015,d12728105,3.0
2016,d7124116,5.0
2017,d12682862,5.0
2018,d13448140,7.0
2019,d12512061,10.0
2020,d1077859,1.0
2021,d13185579,29.0
2022,d12995096,
2023,d9873529,3.0
2024,d1081031,1.0
2025,d1337116,1.0
2026,d5969402,3.0
2027,d5796579,3.0
2028,d9726072,1.0
2029,d1381912,1.0
2030,d12946830,2.0
2031,d10470924,
2032,d12066507,1.0
2033,d8338555,1.0
2034,d12050622,
2035,d12575804,3.0
2036,d7124442,3.0
2037,d12965944,7.0
2038,d11828719,
2039,d11666944,
2040,d12881164,2.0
2041,d12535728,5.0
2042,d9735838,1.0
2043,d11873792,
2044,d1039266,1.0
2045,d5220150,
2046,d10058514,1.0
2047,d12556427,1.0
2048,d2569217,1.0
2049,d8408390,1.0
2050,d2393764,1.0
2051,d6782102,1.0
2052,d1317102,1.0
2053,d5558249,2.0
2054,d10153493,
2055,d12457922,5.0
2056,d1035211,1.0
2057,d10464588,2.0
2058,d12992755,22.0
2059,d3199333,1.0
2060,d5877986,1.0
2061,d8448848,1.0
2062,d10145743,33.0
2063,d12670446,1.0
2064,d4768736,7.0
2065,d1563747,1.0
2066,d8796653,1.0
2067,d10795713,2.0
2068,d3964087,1.0
2069,d5961438,1.0
2070,d13344437,1.0
2071,d12326267,1.0
2072,d5818982,
2073,d13171768,11.0
2074,d3843048,1.0
2075,d2307872,2.0
2076,d5018865,2.0
2077,d5506152,1.0
2078,d12911584,1.0
2079,d7123804,1.0
2080,d7209037,1.0
2081,d10799309,1.0
2082,d12800119,5.0
2083,d7123681,1.0
2084,d12556914,6.0
2085,d12458656,8.0
2086,d12897344,21.0
2087,d1044849,1.0
2088,d8490343,
2089,d12146470,11.0
2090,d5815636,
2091,d12928932,12.0
2092,d5823951,2.0
2093,d7078322,1.0
2094,d4801159,1.0
2095,d8744858,7.0
2096,d10820096,3.0
2097,d2346485,1.0
2098,d7210334,1.0
2099,d7124068,1.0
2100,d5870318,2.0
2101,d12964475,1.0
2102,d12932899,7.0
2103,d6073421,1.0
2104,d801581,1.0
2105,d8712859,1.0
2106,d1044990,1.0
2107,d12017002,1.0
2108,d4062112,1.0
2109,d12143420,1.0
2110,d12950931,22.0
2111,d13206835,242.0
2112,d12794736,14.0
2113,d12351897,4.0
2114,d11949038,5.0
2115,d12106215,3.0
2116,d11535662,2.0
2117,d5443522,
2118,d1044296,0.0
2119,d10485659,2.0
2120,d11822289,1.0
2121,d12153665,
2122,d10379496,1.0
2123,d1039192,1.0
2124,d7352562,1.0
2125,d695915,3.0
2126,d10693216,17.0
2127,d4835368,4.0
2128,d5603997,1.0
2129,d12535509,6.0
2130,d13100274,43.0
2131,d12188784,1.0
2132,d13312169,3.0
2133,d11695375,2.0
2134,d7803007,1.0
2135,d11814236,4.0
2136,d12929803,9.0
2137,d2652010,1.0
2138,d13149443,
2139,d8562181,3.0
2140,d7690640,1.0
2141,d8297517,16.0
2142,d2670859,1.0
2143,d13388959,11.0
2144,d1044949,1.0
2145,d10332757,1.0
2146,d12124975,
2147,d5796309,2.0
2148,d8133272,1.0
2149,d8341278,1.0
2150,d12866345,36.0
2151,d12636858,5.0
2152,d11890705,
2153,d12879264,2.0
2154,d11846928,1.0
2155,d10229509,1.0
2156,d13072321,1.0
2157,d6762508,1.0
2158,d13457625,1.0
2159,d11888735,10.0
2160,d13164602,6.0
2161,d11913689,1.0
2162,d715469,1.0
2163,d10509783,
2164,d12950507,6.0
2165,d10507284,
2166,d12998100,3.0
2167,d8119726,2.0
2168,d10520118,4.0
2169,d12877197,1.0
2170,d8274224,1.0
2171,d12402367,3.0
2172,d9778647,
2173,d12690564,6.0
2174,d12880646,1.0
2175,d13313833,15.0
2176,d12996273,8.0
2177,d4770037,2.0
2178,d12273000,5.0
2179,d4768133,1.0
2180,d12300241,3.0
2181,d12097020,1.0
2182,d5122686,4.0
2183,d12856591,13.0
2184,d2616613,1.0
2185,d959188,1.0
2186,d13074002,3.0
2187,d12100345,3.0
2188,d7720040,1.0
2189,d7652022,
2190,d12219387,3.0
2191,d8068545,1.0
2192,d10664008,2.0
2193,d11544046,1.0
2194,d11956134,
2195,d12870847,9.0
2196,d12175056,5.0
2197,d8339936,4.0
2198,d12967849,7.0
2199,d12952483,8.0
2200,d11801250,2.0
2201,d12691064,
2202,d9711131,2.0
2203,d4770266,2.0
2204,d12129922,1.0
2205,d12217591,12.0
2206,d4283122,4.0
2207,d13093490,1.0
2208,d5778793,
2209,d5775967,
2210,d5122707,1.0
2211,d10832499,1.0
2212,d7953129,2.0
2213,d5796154,
2214,d5873511,
2215,d4476672,1.0
2216,d4724873,1.0
2217,d7938911,
2218,d12596770,8.0
2219,d8425174,1.0
2220,d8693312,1.0
2221,d12709311,4.0
2222,d8298503,2.0
2223,d4288479,1.0
2224,d11956707,2.0
2225,d12657458,3.0
2226,d11921386,
2227,d13130027,6.0
2228,d10810171,2.0
2229,d13275208,2.0
2230,d12515422,2.0
2231,d12789880,5.0
2232,d4589114,1.0
2233,d13143590,17.0
2234,d3487002,1.0
2235,d5220188,
2236,d2307390,1.0
2237,d8154698,3.0
2238,d12709307,19.0
2239,d2250031,2.0
2240,d10624889,1.0
2241,d10388502,1.0
2242,d5815452,
2243,d13205768,5.0
2244,d7133705,1.0
2245,d10357352,
2246,d4149308,
2247,d11872400,4.0
2248,d12320872,3.0
2249,d12907065,5.0
2250,d6706687,1.0
2251,d12435635,3.0
2252,d5519500,1.0
2253,d9746789,
2254,d4221365,
2255,d696297,1.0
2256,d694814,1.0
2257,d13326979,24.0
2258,d8339589,1.0
2259,d5870795,1.0
2260,d4768263,1.0
2261,d8362971,1.0
2262,d12909690,4.0
2263,d12255465,
2264,d5106382,1.0
2265,d12953611,2.0
2266,d5828140,1.0
2267,d12936963,1.0
2268,d11867679,8.0
2269,d1044962,1.0
2270,d12833748,3.0
2271,d3332989,1.0
2272,d13003250,1.0
2273,d5771357,1.0
2274,d13313752,36.0
2275,d8703632,1.0
2276,d7254739,2.0
2277,d1354453,0.0
2278,d7382802,1.0
2279,d10744724,
2280,d1408549,1.0
2281,d5583309,4.0
2282,d5581136,3.0
2283,d12006243,
2284,d12187875,1.0
2285,d10666998,1.0
2286,d7123346,
2287,d940947,1.0
2288,d13277444,11.0
2289,d12697222,13.0
2290,d5811130,
2291,d7676066,1.0
2292,d10497174,1.0
2293,d2703121,1.0
2294,d12175666,
2295,d13094271,1.0
2296,d12059608,4.0
2297,d5852565,
2298,d12869413,1.0
2299,d11626474,2.0
2300,d13164810,3.0
2301,d13197317,3.0
2302,d5795153,2.0
2303,d997823,2.0
2304,d11966514,6.0
2305,d12879684,18.0
2306,d8029222,1.0
2307,d11961472,10.0
2308,d5956522,
2309,d10746369,
2310,d8390631,1.0
2311,d12800464,6.0
2312,d12898247,6.0
2313,d10357544,3.0
2314,d1319946,1.0
2315,d13198239,6.0
2316,d11502865,10.0
2317,d6919510,1.0
2318,d8604033,
2319,d8749016,1.0
2320,d1357533,1.0
2321,d11868454,2.0
2322,d8262987,1.0
2323,d10751303,1.0
2324,d7083169,1.0
2325,d12541465,7.0
2326,d10462754,1.0
2327,d1787835,1.0
2328,d8685190,1.0
2329,d12860819,3.0
2330,d946775,1.0
2331,d10148398,1.0
2332,d697500,1.0
2333,d743866,2.0
2334,d12926423,2.0
2335,d1035465,1.0
2336,d5220185,1.0
2337,d12937856,56.0
2338,d10133942,3.0
2339,d12513598,4.0
2340,d12957208,1.0
2341,d8762863,1.0
2342,d12896616,8.0
2343,d11705415,
2344,d11894290,1.0
2345,d5122244,1.0
2346,d5852779,
2347,d11777712,1.0
2348,d12712759,1.0
2349,d812144,1.0
2350,d12910175,1.0
2351,d12956476,6.0
2352,d6153178,
2353,d8822412,3.0
2354,d11833215,1.0
2355,d4604142,5.0
2356,d12180458,3.0
2357,d12922691,1.0
2358,d4769756,4.0
2359,d12864902,1.0
2360,d10767916,1.0
2361,d11701818,5.0
2362,d13322757,136.0
2363,d10747371,1.0
2364,d4913048,4.0
2365,d5531945,
2366,d11855407,1.0
2367,d12712586,2.0
2368,d7706932,1.0
2369,d13043231,23.0
2370,d4039105,3.0
2371,d8095702,1.0
2372,d5936380,4.0
2373,d5267530,1.0
2374,d13009015,10.0
2375,d13004500,6.0
2376,d11837208,1.0
2377,d8608082,
2378,d13323427,3.0
2379,d13195827,1.0
2380,d8610876,2.0
2381,d12460100,5.0
2382,d8118112,1.0
2383,d4431365,1.0
2384,d7124200,1.0
2385,d8828412,2.0
2386,d7124532,1.0
2387,d2228677,1.0
2388,d12950787,2.0
2389,d11962282,2.0
2390,d5852162,1.0
2391,d8527701,3.0
2392,d1330611,
2393,d5873310,3.0
2394,d4756628,1.0
2395,d10067438,3.0
2396,d5426896,
2397,d12571184,6.0
2398,d10390319,1.0
2399,d8359606,1.0
2400,d12871676,2.0
2401,d9810491,1.0
2402,d12624396,8.0
2403,d743851,1.0
2404,d5799567,
2405,d8411400,2.0
2406,d13495398,3.0
2407,d8795858,1.0
2408,d13171238,24.0
2409,d13290215,2.0
2410,d12786547,515.0
2411,d12435032,1.0
2412,d8713169,
2413,d12731449,2.0
2414,d10071725,5.0
2415,d10911068,3.0
2416,d12034951,2.0
2417,d12714194,11.0
2418,d5617536,1.0
2419,d12248319,5.0
2420,d13190651,26.0
2421,d12595171,1.0
2422,d10347526,1.0
2423,d12317826,2.0
2424,d13161118,2.0
2425,d5823765,3.0
2426,d5957383,
2427,d12839942,2.0
2428,d12477034,5.0
2429,d13001795,5.0
2430,d10661927,7.0
2431,d4293735,2.0
2432,d12881093,14.0
2433,d12284452,1.0
2434,d6715817,1.0
2435,d11929313,1.0
2436,d12874438,5.0
2437,d11876499,1.0
2438,d4605073,1.0
2439,d10372360,6.0
2440,d13327886,12.0
2441,d4058102,1.0
2442,d5433577,1.0
2443,d1420098,1.0
2444,d12661577,1.0
2445,d1328187,1.0
2446,d958688,1.0
2447,d7657936,1.0
2448,d2014210,1.0
2449,d7811548,4.0
2450,d12638698,12.0
2451,d12864798,5.0
2452,d12967421,1.0
2453,d7246429,1.0
2454,d13289889,16.0
2455,d13296673,2.0
2456,d10483652,1.0
2457,d3516208,1.0
2458,d5826148,
2459,d3532804,
2460,d13224877,8.0
2461,d10480192,3.0
2462,d8842283,4.0
2463,d11882314,3.0
2464,d2311079,1.0
2465,d8338515,1.0
2466,d6585847,1.0
2467,d1125188,1.0
2468,d1018608,1.0
2469,d4770118,1.0
2470,d5936326,
2471,d12339205,70.0
2472,d10020878,2.0
2473,d5506626,
2474,d12660221,9.0
2475,d12945991,
2476,d5443482,
2477,d12431270,2.0
2478,d5863935,
2479,d12613463,1.0
2480,d11850092,4.0
2481,d13091113,3.0
2482,d12532906,1.0
2483,d13160451,1078.0
2484,d3613475,1.0
2485,d5958950,1.0
2486,d4770268,1.0
2487,d7622665,23.0
2488,d1413421,2.0
2489,d13283803,5.0
2490,d5957522,1.0
2491,d7788524,1.0
2492,d13075641,1.0
2493,d5522556,2.0
2494,d10512217,1.0
2495,d3560914,2.0
2496,d2211730,1.0
2497,d5860218,2.0
2498,d12430695,1.0
2499,d12872582,1.0
2500,d4768148,3.0
2501,d4912313,
2502,d11657387,2.0
2503,d4114663,1.0
2504,d11691267,2.0
2505,d7124520,1.0
2506,d12121063,
2507,d7622336,1.0
2508,d12814377,1.0
2509,d7124228,1.0
2510,d13061627,25.0
2511,d12904171,1.0
2512,d11827955,14.0
2513,d13122472,369.0
2514,d9587011,2.0
2515,d11734083,9.0
2516,d12512213,4.0
2517,d13197973,49.0
2518,d7649071,3.0
2519,d13331672,16.0
2520,d10813618,7.0
2521,d12593559,
2522,d784855,1.0
2523,d997436,1.0
2524,d13273661,3.0
2525,d7599095,1.0
2526,d12546317,1.0
2527,d12207476,1.0
2528,d13183671,64.0
2529,d3542011,1.0
2530,d12447935,6.0
2531,d5976508,2.0
2532,d13100127,15.0
2533,d1081683,1.0
2534,d10802051,1.0
2535,d5489152,0.0
2536,d8814420,1.0
2537,d12977288,12.0
2538,d793376,1.0
2539,d12981295,3.0
2540,d12182212,1.0
2541,d7761701,1.0
2542,d5550626,1.0
